product_id,week,base_price,competitor_price,marketing_spend,inventory_level,promotion,season,day_of_week,price,quantity_sold,revenue,profit,price_elasticity
1,1,81.16,242.55,2345.67,294,Discount,Winter,Saturday,92.32,156,14401.48,6601.48,-1.5
1,2,81.16,194.91,2475.01,464,,Fall,Sunday,70.72,128,9051.78,2651.78,0.7671
1,3,81.16,235.18,912.3,156,Bundle,Summer,Sunday,94.3,141,13296.04,6246.04,0.3046
1,4,81.16,224.23,4733.92,137,,Spring,Wednesday,75.99,115,8738.83,2988.83,0.9498
1,5,81.16,151.49,4264.88,178,Bundle,Spring,Saturday,77.17,130,10032.5,3532.5,8.3771
1,6,81.16,230.86,3378.21,444,Discount,Fall,Wednesday,94.36,158,14908.27,7008.27,0.9673
1,7,81.16,26.68,2365.25,424,Discount,Spring,Friday,82.14,126,10349.68,4049.68,1.5644
1,8,81.16,53.02,2117.65,390,,Fall,Wednesday,69.4,118,8189.5,2289.5,0.4094
1,9,81.16,16.08,3289.77,53,,Winter,Monday,76.91,104,7998.8,2798.8,-1.0966
1,10,81.16,84.71,2772.62,376,,Winter,Thursday,88.37,116,10251.27,4451.27,0.7743
1,11,81.16,100.23,405.14,459,,Summer,Thursday,70.58,131,9246.63,2696.63,-0.6424
1,12,81.16,71.48,2611.26,416,,Fall,Tuesday,84.09,118,9922.85,4022.85,-0.5186
1,13,81.16,208.04,4051.38,355,,Summer,Tuesday,87.5,133,11637.79,4987.79,3.1346
1,14,81.16,92.4,2350.28,445,,Summer,Wednesday,76.09,135,10272.6,3522.6,-0.1153
1,15,81.16,73.83,354.59,144,,Winter,Sunday,87.46,112,9795.18,4195.18,-1.1408
1,16,81.16,137.96,3952.76,258,,Summer,Sunday,93.64,125,11704.49,5454.49,1.6429
1,17,81.16,39.53,1086.68,274,,Spring,Thursday,80.26,105,8427.03,3177.03,1.1198
1,18,81.16,201.54,1367.24,397,Bundle,Summer,Monday,77.36,150,11604.19,4104.19,-11.8766
1,19,81.16,23.26,907.06,370,,Fall,Saturday,73.08,117,8550.82,2700.82,3.979
1,20,81.16,246.79,1718.05,96,,Spring,Monday,84.55,116,9807.3,4007.3,-0.0545
1,21,81.16,194.2,3808.08,230,,Winter,Monday,93.49,130,12154.29,5654.29,1.1402
1,22,81.16,53.69,2644.99,155,Discount,Fall,Wednesday,75.47,132,9962.07,3362.07,-0.0798
1,23,81.16,6.35,1103.92,248,,Spring,Wednesday,77.79,115,8946.3,3196.3,-4.1829
1,24,81.16,204.79,4401.37,435,,Fall,Friday,78.13,125,9766.4,3516.4,20.0547
1,25,81.16,178.18,4409.95,155,,Spring,Monday,83.14,116,9643.88,3843.88,-1.1238
1,26,81.16,183.61,4365.83,329,,Fall,Sunday,72.35,124,8970.83,2770.83,-0.5313
1,27,81.16,193.96,1270.1,309,,Fall,Sunday,91.62,122,11178.03,5078.03,-0.0605
1,28,81.16,23.14,2311.07,157,Bundle,Spring,Monday,74.53,116,8645.11,2845.11,0.2636
1,29,81.16,92.82,4926.45,68,Bundle,Winter,Wednesday,87.83,115,10100.42,4350.42,-0.0483
1,30,81.16,33.39,3882.86,459,,Winter,Wednesday,81.59,125,10198.96,3948.96,-1.2243
1,31,81.16,216.46,233.12,345,,Fall,Friday,83.95,121,10158.11,4108.11,-1.1065
1,32,81.16,157.71,419.5,355,,Fall,Friday,70.76,119,8420.57,2470.57,0.1052
1,33,81.16,86.07,2373.26,220,,Winter,Tuesday,88.79,110,9767.19,4267.19,-0.2968
1,34,81.16,20.57,4555.18,380,,Winter,Thursday,71.05,121,8597.49,2547.49,-0.5006
1,35,81.16,81.19,2739.64,244,,Summer,Monday,68.61,114,7822.0,2122.0,1.6849
1,36,81.16,84.67,2539.28,61,Bundle,Winter,Sunday,82.68,121,10004.05,3954.05,0.2996
1,37,81.16,183.75,616.82,244,Bundle,Fall,Monday,87.96,126,11082.64,4782.64,0.6471
1,38,81.16,161.2,3318.22,332,,Spring,Friday,66.55,123,8186.21,2036.21,0.0978
1,39,81.16,222.37,4128.31,418,,Winter,Friday,67.18,140,9405.62,2405.62,14.6356
1,40,81.16,120.69,1964.06,231,,Summer,Tuesday,90.99,121,11009.68,4959.68,-0.383
2,1,190.64,34.3,3900.5,499,,Summer,Thursday,214.2,105,22491.08,17241.08,-1.5
2,2,190.64,179.74,4825.94,354,,Summer,Tuesday,171.21,122,20888.12,14788.12,-0.8068
2,3,190.64,191.39,1098.46,193,,Spring,Sunday,199.42,94,18745.7,14045.7,-1.393
2,4,190.64,142.51,2664.32,435,Discount,Winter,Thursday,186.3,131,24405.69,17855.69,-5.9832
2,5,190.64,193.89,1506.98,365,Discount,Winter,Saturday,200.75,129,25897.31,19447.31,-0.1968
2,6,190.64,125.98,3984.99,231,,Winter,Monday,218.31,92,20084.23,15484.23,-3.2805
2,7,190.64,133.07,2930.21,79,,Spring,Tuesday,158.6,90,14273.82,9773.82,0.0795
2,8,190.64,109.75,3209.45,133,,Spring,Friday,211.83,99,20971.49,16021.49,0.2979
2,9,190.64,11.23,4009.78,215,,Fall,Tuesday,190.1,78,14828.12,10928.12,2.0679
2,10,190.64,31.43,2040.26,333,,Summer,Saturday,195.53,104,20334.67,15134.67,11.6883
2,11,190.64,12.7,4583.94,330,,Summer,Tuesday,202.37,98,19832.62,14932.62,-1.6473
2,12,190.64,160.92,2711.84,145,,Winter,Monday,222.86,96,21394.8,16594.8,-0.2016
2,13,190.64,82.02,873.98,430,,Spring,Saturday,156.83,104,16310.71,11110.71,-0.2813
2,14,190.64,129.6,3509.91,315,Bundle,Spring,Friday,154.76,125,19344.53,13094.53,-15.2439
2,15,190.64,227.35,3986.98,493,,Winter,Friday,166.1,122,20264.42,14164.42,-0.3274
2,16,190.64,66.08,1652.13,347,,Winter,Wednesday,227.73,100,22772.94,17772.94,-0.486
2,17,190.64,105.54,4300.18,345,,Fall,Saturday,207.04,102,21117.69,16017.69,-0.2201
2,18,190.64,190.11,4540.1,274,,Summer,Wednesday,199.38,109,21732.16,16282.16,-1.8552
2,19,190.64,61.06,1456.83,382,,Summer,Wednesday,156.1,110,17170.51,11670.51,-0.0423
2,20,190.64,23.86,4919.26,410,Bundle,Summer,Monday,219.54,118,25906.25,20006.25,0.1789
2,21,190.64,75.99,789.49,423,Discount,Fall,Tuesday,214.48,123,26381.63,20231.63,-1.8386
2,22,190.64,44.5,1089.88,91,,Winter,Friday,203.2,90,18288.22,13788.22,5.1004
2,23,190.64,232.78,1002.7,352,,Winter,Friday,178.37,121,21582.62,15532.62,-2.8184
2,24,190.64,202.99,4480.55,470,,Summer,Tuesday,157.88,127,20051.38,13701.38,-0.4318
2,25,190.64,160.18,3306.03,295,,Summer,Friday,196.74,106,20854.33,15554.33,-0.6719
2,26,190.64,218.51,845.31,257,Discount,Fall,Tuesday,207.39,129,26753.1,20303.1,4.0086
2,27,190.64,201.9,2257.58,286,,Spring,Saturday,159.69,111,17726.12,12176.12,0.6067
2,28,190.64,50.71,3114.96,71,,Spring,Monday,200.84,83,16669.39,12519.39,-0.9791
2,29,190.64,223.68,508.97,234,,Summer,Monday,174.35,115,20049.7,14299.7,-2.9229
2,30,190.64,137.14,4423.84,291,,Fall,Sunday,210.79,102,21500.12,16400.12,-0.5408
2,31,190.64,202.82,4037.66,412,Bundle,Summer,Monday,193.66,135,26143.64,19393.64,-3.9813
2,32,190.64,224.54,2575.51,332,,Spring,Tuesday,162.35,113,18345.34,12695.34,1.008
2,33,190.64,82.91,4838.92,90,Discount,Summer,Sunday,192.66,127,24467.56,18117.56,0.6636
2,34,190.64,31.96,2147.03,385,,Spring,Tuesday,182.69,107,19547.32,14197.32,3.0423
2,35,190.64,60.84,4922.14,211,Discount,Spring,Thursday,166.26,117,19452.59,13602.59,-1.0396
2,36,190.64,109.64,3372.81,209,,Spring,Sunday,216.68,87,18850.96,14500.96,-0.8456
2,37,190.64,205.41,3209.89,138,,Winter,Friday,153.35,105,16101.7,10851.7,-0.7079
2,38,190.64,215.88,913.18,371,Discount,Winter,Friday,176.31,145,25564.91,18314.91,2.5444
2,39,190.64,6.7,4421.45,61,,Summer,Thursday,153.47,101,15500.37,10450.37,2.3423
2,40,190.64,130.13,2194.7,473,,Spring,Thursday,159.83,113,18060.74,12410.74,2.8667
3,1,149.08,107.27,894.94,122,,Winter,Monday,136.98,102,13971.9,8871.9,-1.5
3,2,149.08,59.42,161.78,125,Discount,Summer,Thursday,122.5,122,14944.92,8844.92,-1.8549
3,3,149.08,34.37,2842.8,395,,Summer,Tuesday,154.84,119,18426.09,12476.09,-0.0931
3,4,149.08,87.72,2684.26,250,Bundle,Summer,Wednesday,124.44,131,16302.01,9752.01,-0.5137
3,5,149.08,236.01,3624.83,59,,Summer,Tuesday,161.11,104,16755.16,11555.16,-0.6995
3,6,149.08,84.18,4462.26,401,,Summer,Sunday,122.4,110,13464.24,7964.24,-0.2401
3,7,149.08,132.1,489.09,275,Discount,Fall,Thursday,122.8,137,16823.57,9973.57,75.5732
3,8,149.08,177.24,3684.33,225,,Spring,Friday,137.47,108,14846.77,9446.77,-1.7719
3,9,149.08,94.09,1018.32,325,Discount,Summer,Tuesday,172.73,136,23490.87,16690.87,1.0109
3,10,149.08,243.09,4305.07,88,Bundle,Fall,Friday,157.51,120,18901.24,12901.24,1.3354
3,11,149.08,240.8,4113.41,109,,Spring,Tuesday,165.19,97,16023.16,11173.16,-3.9325
3,12,149.08,66.69,2749.89,115,,Winter,Friday,127.7,97,12387.29,7537.29,-0.0
3,13,149.08,126.83,3580.19,370,,Summer,Saturday,169.0,112,18928.37,13328.37,0.4782
3,14,149.08,78.72,1640.32,484,Discount,Fall,Tuesday,119.75,136,16285.84,9485.84,-0.7353
3,15,149.08,74.79,2408.72,173,Discount,Winter,Sunday,131.97,129,17023.87,10573.87,-0.5044
3,16,149.08,14.04,4126.02,213,,Fall,Friday,156.0,94,14664.15,9964.15,-1.4898
3,17,149.08,154.34,2350.4,457,,Spring,Wednesday,141.64,128,18129.87,11729.87,-3.9288
3,18,149.08,128.16,1853.21,460,,Spring,Sunday,177.95,114,20286.53,14586.53,-0.4266
3,19,149.08,17.61,2521.64,435,Discount,Winter,Monday,121.07,146,17676.55,10376.55,-0.8782
3,20,149.08,73.27,4158.42,208,,Fall,Tuesday,178.81,90,16092.99,11592.99,-0.8043
3,21,149.08,227.53,1742.52,106,,Summer,Wednesday,156.45,116,18148.31,12348.31,-2.3102
3,22,149.08,63.69,951.43,127,,Summer,Monday,152.58,96,14647.65,9847.65,6.9677
3,23,149.08,40.5,3588.87,243,Discount,Winter,Tuesday,122.81,127,15597.11,9247.11,-1.6552
3,24,149.08,124.92,4147.29,334,,Winter,Wednesday,135.56,111,15047.39,9497.39,-1.2135
3,25,149.08,246.48,593.12,64,,Winter,Wednesday,174.4,90,15696.19,11196.19,-0.6603
3,26,149.08,64.3,1275.38,61,,Fall,Sunday,140.39,93,13056.02,8406.02,-0.1709
3,27,149.08,169.67,795.66,150,,Summer,Saturday,158.72,100,15871.85,10871.85,0.5764
3,28,149.08,191.6,1804.91,205,Discount,Summer,Wednesday,178.86,140,25041.04,18041.04,3.1513
3,29,149.08,63.22,2306.72,389,Bundle,Summer,Saturday,134.95,129,17408.59,10958.59,0.32
3,30,149.08,183.41,3769.25,174,,Winter,Thursday,153.62,102,15668.8,10568.8,-1.5133
3,31,149.08,95.11,3290.62,408,,Summer,Sunday,160.79,109,17526.41,12076.41,1.4689
3,32,149.08,159.91,3142.55,329,,Spring,Friday,129.08,117,15102.37,9252.37,-0.3721
3,33,149.08,160.21,1826.64,454,,Winter,Sunday,128.13,115,14734.8,8984.8,2.3192
3,34,149.08,136.26,4223.09,443,Discount,Summer,Monday,146.47,150,21971.01,14471.01,2.1257
3,35,149.08,27.12,2409.31,159,,Fall,Friday,142.27,84,11950.65,7750.65,15.3312
3,36,149.08,209.65,4897.61,383,,Winter,Friday,161.85,117,18936.78,13086.78,2.8541
3,37,149.08,83.59,3207.3,406,,Spring,Saturday,123.41,116,14315.33,8515.33,0.036
3,38,149.08,50.7,718.7,195,,Spring,Friday,177.23,93,16482.84,11832.84,-0.4546
3,39,149.08,14.99,3413.27,265,,Fall,Wednesday,120.11,104,12491.9,7291.9,-0.367
3,40,149.08,149.77,1693.01,447,,Fall,Saturday,155.12,106,16442.78,11142.78,0.066
4,1,123.75,171.0,3463.0,211,,Winter,Friday,126.85,113,14333.52,8683.52,-1.5
4,2,123.75,9.06,441.24,177,Discount,Winter,Saturday,105.66,131,13842.02,7292.02,-0.9539
4,3,123.75,130.46,956.92,363,,Spring,Thursday,106.47,116,12350.07,6550.07,-15.0882
4,4,123.75,60.49,4293.11,381,,Fall,Saturday,138.23,108,14929.06,9529.06,-0.2311
4,5,123.75,163.07,1213.18,199,Bundle,Winter,Tuesday,142.93,125,17866.09,11616.09,4.6329
4,6,123.75,47.72,4201.5,85,,Spring,Wednesday,113.0,104,11752.51,6552.51,0.8024
4,7,123.75,174.28,1468.45,222,Discount,Fall,Monday,120.67,132,15929.03,9329.03,3.9669
4,8,123.75,99.75,3250.12,469,,Spring,Tuesday,116.57,113,13172.14,7522.14,4.2295
4,9,123.75,234.5,3501.34,71,,Summer,Tuesday,102.59,113,11592.33,5942.33,-0.0
4,10,123.75,38.69,2612.01,255,,Fall,Tuesday,132.32,100,13231.84,8231.84,-0.397
4,11,123.75,88.56,1596.02,176,,Winter,Friday,139.84,95,13284.95,8534.95,-0.8794
4,12,123.75,32.8,1141.96,385,,Winter,Saturday,114.09,110,12549.57,7049.57,-0.8573
4,13,123.75,231.55,262.63,494,Bundle,Summer,Saturday,148.01,145,21461.14,14211.14,1.0702
4,14,123.75,219.95,1589.34,405,,Fall,Sunday,102.75,121,12432.82,6382.82,0.5413
4,15,123.75,68.2,3300.5,489,,Spring,Friday,131.75,118,15546.91,9646.91,-0.0878
4,16,123.75,166.7,4697.69,266,,Winter,Wednesday,121.18,122,14784.26,8684.26,-0.4225
4,17,123.75,205.22,4368.9,145,,Summer,Friday,121.1,119,14411.14,8461.14,37.0222
4,18,123.75,141.02,3853.72,466,,Summer,Friday,121.65,120,14597.84,8597.84,1.8617
4,19,123.75,134.76,3963.39,478,,Fall,Friday,111.8,122,13639.64,7539.64,-0.2059
4,20,123.75,64.25,3358.43,213,Discount,Fall,Wednesday,134.42,125,16801.88,10551.88,0.1216
4,21,123.75,27.81,1375.41,197,Bundle,Winter,Sunday,134.71,113,15222.54,9572.54,-43.35
4,22,123.75,224.82,4545.26,67,,Summer,Wednesday,112.97,118,13330.95,7430.95,-0.2742
4,23,123.75,225.6,3386.59,343,,Spring,Thursday,140.34,121,16981.4,10931.4,0.1049
4,24,123.75,160.11,2846.16,244,Bundle,Summer,Sunday,114.68,133,15252.35,8602.35,-0.5423
4,25,123.75,88.06,643.85,200,Discount,Spring,Thursday,134.89,121,16321.3,10271.3,-0.512
4,26,123.75,90.56,2290.57,414,,Spring,Thursday,104.99,118,12388.27,6488.27,0.1118
4,27,123.75,182.86,2355.76,172,Bundle,Winter,Thursday,107.35,140,15028.51,8028.51,8.2898
4,28,123.75,224.79,4336.36,449,,Summer,Saturday,114.63,133,15245.44,8595.44,-0.7372
4,29,123.75,222.34,2778.58,236,Bundle,Spring,Tuesday,128.39,136,17461.27,10661.27,0.1878
4,30,123.75,196.07,1963.96,198,,Fall,Tuesday,130.95,108,14142.35,8742.35,-10.3419
4,31,123.75,162.3,4886.32,153,,Spring,Thursday,118.61,106,12573.18,7273.18,0.1966
4,32,123.75,25.61,642.53,292,Discount,Fall,Thursday,102.85,126,12958.97,6658.97,-1.4195
4,33,123.75,44.6,2170.49,280,,Fall,Monday,117.49,103,12101.5,6951.5,-1.2823
4,34,123.75,225.15,305.92,255,,Summer,Tuesday,133.09,123,16369.91,10219.91,1.4626
4,35,123.75,153.58,3725.53,247,,Fall,Monday,132.21,120,15865.09,9865.09,3.69
4,36,123.75,7.25,4598.58,445,Bundle,Spring,Sunday,106.93,129,13793.39,7343.39,-0.3922
4,37,123.75,29.86,1472.18,449,Discount,Fall,Monday,99.38,131,13018.96,6468.96,-0.2197
4,38,123.75,167.56,4305.87,386,Discount,Summer,Friday,136.27,140,19077.41,12077.41,0.1851
4,39,123.75,6.24,1531.87,136,,Winter,Saturday,104.26,98,10217.59,5317.59,1.2773
4,40,123.75,44.4,4562.77,191,Discount,Spring,Sunday,103.07,124,12780.95,6580.95,-23.2662
5,1,39.64,139.44,3794.41,366,,Spring,Wednesday,31.76,135,4287.29,-2462.71,-1.5
5,2,39.64,174.51,4044.04,248,,Summer,Tuesday,38.57,136,5246.17,-1553.83,0.0345
5,3,39.64,164.73,188.23,95,Discount,Summer,Thursday,39.7,145,5755.82,-1494.18,2.2782
5,4,39.64,59.95,4817.77,337,,Summer,Sunday,41.83,131,5479.28,-1070.72,-1.7983
5,5,39.64,179.48,3660.69,64,,Summer,Thursday,36.41,124,4514.8,-1685.2,0.4126
5,6,39.64,63.13,1593.28,93,,Spring,Wednesday,42.98,119,5114.66,-835.34,-0.2234
5,7,39.64,84.72,4164.03,450,,Winter,Sunday,34.4,138,4747.2,-2152.8,-0.7998
5,8,39.64,187.89,1479.45,218,Discount,Fall,Tuesday,44.91,151,6781.11,-768.89,0.3084
5,9,39.64,164.16,4376.49,359,,Fall,Sunday,40.78,122,4975.51,-1124.49,2.0908
5,10,39.64,213.06,651.64,93,Discount,Winter,Thursday,40.97,143,5859.26,-1290.74,36.7641
5,11,39.64,166.12,3548.06,147,,Winter,Thursday,35.04,128,4485.29,-1914.71,0.7245
5,12,39.64,144.24,2749.42,310,,Winter,Friday,32.89,124,4078.36,-2121.64,0.509
5,13,39.64,27.95,573.02,158,,Summer,Monday,39.08,111,4338.34,-1211.66,-0.5567
5,14,39.64,95.09,1285.28,332,Discount,Spring,Sunday,41.48,155,6428.91,-1321.09,6.4751
5,15,39.64,69.97,160.78,421,,Spring,Thursday,33.22,123,4086.31,-2063.69,1.0373
5,16,39.64,64.78,2396.96,392,Bundle,Spring,Saturday,46.79,133,6222.78,-427.22,0.1991
5,17,39.64,243.39,1576.2,153,,Summer,Tuesday,47.26,134,6333.06,-366.94,0.7425
5,18,39.64,101.31,3031.95,305,,Spring,Saturday,40.36,134,5408.83,-1291.17,-0.0
5,19,39.64,223.55,1556.47,428,,Summer,Wednesday,46.78,139,6502.49,-447.51,0.2347
5,20,39.64,159.63,1569.6,255,Bundle,Spring,Sunday,34.56,147,5080.37,-2269.63,-0.2203
5,21,39.64,199.73,3741.65,384,Discount,Winter,Friday,32.12,161,5170.99,-2879.01,-1.3476
5,22,39.64,128.15,335.9,92,,Fall,Tuesday,32.34,111,3589.71,-1960.29,-44.9653
5,23,39.64,146.34,4524.19,402,,Fall,Friday,41.03,130,5334.06,-1165.94,0.6369
5,24,39.64,125.67,4276.09,294,,Summer,Monday,32.69,128,4184.62,-2215.38,0.0757
5,25,39.64,52.83,3372.24,336,Discount,Spring,Thursday,46.91,150,7037.23,-462.77,0.3951
5,26,39.64,182.0,3006.79,404,,Fall,Tuesday,33.97,126,4279.66,-2020.34,0.5797
5,27,39.64,73.79,4472.28,322,Discount,Winter,Wednesday,36.55,153,5591.68,-2058.32,2.8195
5,28,39.64,10.96,1008.12,132,Bundle,Winter,Sunday,44.76,130,5818.52,-681.48,-0.6691
5,29,39.64,163.14,486.95,159,,Winter,Monday,35.18,127,4468.3,-1881.7,0.1079
5,30,39.64,48.39,1273.6,487,Discount,Summer,Monday,35.57,161,5726.4,-2323.6,24.5167
5,31,39.64,235.41,3993.43,239,,Summer,Friday,41.9,144,6033.63,-1166.37,-0.5931
5,32,39.64,238.71,269.88,337,,Spring,Monday,36.09,134,4836.44,-1863.56,0.501
5,33,39.64,229.14,2955.75,473,,Winter,Tuesday,35.16,139,4887.66,-2062.34,-1.4483
5,34,39.64,95.69,4977.64,446,,Spring,Friday,35.75,133,4754.14,-1895.86,-2.606
5,35,39.64,8.79,4292.91,300,Discount,Spring,Monday,39.5,142,5608.32,-1491.68,0.6451
5,36,39.64,232.44,2655.08,261,,Winter,Sunday,47.03,123,5785.27,-364.73,-0.7009
5,37,39.64,109.91,411.84,340,,Spring,Wednesday,44.91,118,5299.61,-600.39,0.9007
5,38,39.64,241.83,4173.73,182,,Fall,Sunday,36.23,121,4383.59,-1666.41,-0.1315
5,39,39.64,241.09,3034.99,250,,Summer,Saturday,37.48,134,5021.92,-1678.08,3.1164
5,40,39.64,213.99,663.17,334,,Spring,Tuesday,39.08,131,5119.58,-1430.42,-0.5232
6,1,39.64,77.14,559.9,375,,Winter,Wednesday,47.23,124,5856.85,-343.15,-1.5
6,2,39.64,99.35,4557.17,458,,Summer,Wednesday,34.44,134,4615.57,-2084.43,-0.2979
6,3,39.64,213.53,3379.08,144,Discount,Summer,Friday,37.38,149,5569.51,-1880.49,1.3138
6,4,39.64,82.65,4163.51,327,Discount,Spring,Thursday,43.28,151,6534.77,-1015.23,0.0851
6,5,39.64,46.53,4407.0,499,,Fall,Friday,47.0,127,5968.37,-381.63,-1.8498
6,6,39.64,141.42,2901.68,478,Discount,Spring,Tuesday,34.18,163,5571.26,-2578.74,-1.0395
6,7,39.64,234.36,2635.49,374,,Fall,Tuesday,35.32,144,5085.56,-2114.44,-3.5043
6,8,39.64,175.53,2209.09,268,,Summer,Friday,35.29,134,4728.82,-1971.18,91.7825
6,9,39.64,144.66,1653.04,138,,Spring,Thursday,32.04,118,3781.08,-2118.92,1.2979
6,10,39.64,28.81,2229.52,121,,Winter,Sunday,41.29,111,4583.16,-966.84,-0.2056
6,11,39.64,155.68,3892.01,296,,Spring,Friday,42.35,128,5420.23,-979.77,5.9895
6,12,39.64,247.56,3049.42,178,Discount,Fall,Tuesday,41.26,154,6354.74,-1345.26,-7.957
6,13,39.64,39.32,4473.36,261,,Fall,Thursday,32.84,116,3809.68,-1990.32,1.2089
6,14,39.64,131.99,2272.56,477,Discount,Spring,Tuesday,32.81,151,4954.14,-2595.86,-298.6187
6,15,39.64,219.96,3074.74,392,,Fall,Thursday,35.05,133,4661.25,-1988.75,-1.7474
6,16,39.64,186.49,3193.41,145,Discount,Summer,Thursday,36.31,153,5556.04,-2093.96,4.1596
6,17,39.64,175.77,2999.32,124,,Spring,Friday,44.18,127,5611.15,-738.85,-0.7843
6,18,39.64,177.11,3542.91,472,,Fall,Friday,34.24,133,4553.71,-2096.29,-0.2099
6,19,39.64,93.08,1263.42,103,,Spring,Friday,32.41,105,3403.08,-1846.92,3.9429
6,20,39.64,76.93,2610.58,393,,Spring,Thursday,37.96,127,4820.67,-1529.33,1.224
6,21,39.64,203.29,610.7,462,,Winter,Thursday,38.31,146,5593.74,-1706.26,15.9858
6,22,39.64,203.48,1984.11,103,Discount,Spring,Tuesday,38.86,145,5634.78,-1615.22,-0.4795
6,23,39.64,217.43,2489.57,267,,Winter,Wednesday,44.82,145,6499.22,-750.78,0.0
6,24,39.64,228.74,3295.9,65,Discount,Fall,Friday,33.27,156,5189.36,-2610.64,-0.2942
6,25,39.64,130.28,4757.6,148,,Winter,Saturday,42.87,121,5187.58,-862.42,-0.7768
6,26,39.64,127.87,3043.19,69,Discount,Winter,Tuesday,37.07,144,5338.01,-1861.99,-1.4043
6,27,39.64,200.58,3743.61,95,,Winter,Tuesday,36.63,132,4834.64,-1765.36,6.9668
6,28,39.64,164.24,2580.7,242,,Summer,Monday,46.5,129,5998.14,-451.86,-0.0843
6,29,39.64,176.98,3207.11,432,Bundle,Winter,Friday,35.65,151,5383.27,-2166.73,-0.7311
6,30,39.64,199.97,447.57,107,,Spring,Sunday,41.9,124,5195.46,-1004.54,-1.0203
6,31,39.64,223.05,1346.52,486,,Winter,Tuesday,36.07,148,5338.87,-2061.13,-1.3921
6,32,39.64,87.81,1873.08,160,,Spring,Monday,39.75,111,4412.5,-1137.5,-2.4515
6,33,39.64,97.02,2415.22,178,,Winter,Saturday,44.18,121,5345.57,-704.43,0.8091
6,34,39.64,28.03,323.68,386,,Summer,Saturday,45.69,123,5620.04,-529.96,0.4826
6,35,39.64,146.68,786.12,243,Discount,Fall,Sunday,45.01,142,6391.31,-708.69,-10.3461
6,36,39.64,13.81,1456.39,462,,Winter,Friday,40.94,123,5035.86,-1114.14,1.4807
6,37,39.64,119.07,4860.51,389,,Winter,Thursday,35.66,135,4813.6,-1936.4,-0.7557
6,38,39.64,137.95,1723.6,375,,Summer,Monday,42.2,133,5611.99,-1038.01,-0.0808
6,39,39.64,75.2,2462.0,57,,Winter,Thursday,42.97,113,4855.29,-794.71,-8.2221
6,40,39.64,149.75,1060.88,78,,Spring,Saturday,31.88,121,3857.56,-2192.44,-0.2744
7,1,21.04,12.47,3092.82,161,Discount,Winter,Saturday,20.52,142,2914.46,-4185.54,-1.5
7,2,21.04,14.15,1475.35,484,,Winter,Wednesday,23.92,132,3158.0,-3442.0,-0.4251
7,3,21.04,206.54,1114.26,210,Discount,Fall,Wednesday,20.95,149,3121.29,-4328.71,-1.0354
7,4,21.04,93.25,2631.21,180,,Fall,Sunday,19.45,123,2392.19,-3757.81,2.4377
7,5,21.04,36.13,126.98,237,,Winter,Wednesday,24.16,114,2754.73,-2945.27,-0.3018
7,6,21.04,132.95,137.55,212,,Summer,Wednesday,18.14,120,2176.84,-3823.16,-0.2111
7,7,21.04,193.65,1173.44,246,,Fall,Sunday,18.57,122,2265.03,-3834.97,0.7106
7,8,21.04,57.88,279.93,413,,Winter,Tuesday,22.61,135,3052.69,-3697.31,0.4889
7,9,21.04,157.61,629.33,253,,Fall,Wednesday,19.79,127,2513.87,-3836.13,0.4755
7,10,21.04,25.91,1760.42,261,Discount,Winter,Tuesday,22.83,153,3492.73,-4157.27,1.3356
7,11,21.04,17.66,4032.67,158,,Fall,Tuesday,18.16,105,1906.35,-3343.65,1.5327
7,12,21.04,135.18,2903.04,325,Discount,Fall,Friday,18.95,165,3126.98,-5123.02,13.0383
7,13,21.04,137.46,2612.07,122,,Spring,Tuesday,18.15,120,2177.62,-3822.38,6.4238
7,14,21.04,161.17,1538.1,216,Bundle,Winter,Tuesday,24.85,135,3354.32,-3395.68,0.3386
7,15,21.04,182.89,4665.59,309,Discount,Winter,Wednesday,20.24,174,3521.75,-5178.25,-1.5581
7,16,21.04,244.08,2045.37,292,,Winter,Tuesday,19.67,134,2635.27,-4064.73,8.1099
7,17,21.04,131.49,526.75,324,Discount,Winter,Thursday,16.95,155,2626.97,-5123.03,-1.1339
7,18,21.04,84.12,3123.63,151,,Fall,Sunday,18.12,115,2083.76,-3666.24,-3.7337
7,19,21.04,199.82,657.81,222,Discount,Spring,Wednesday,20.37,156,3178.08,-4621.92,2.8677
7,20,21.04,71.35,1791.59,220,,Spring,Sunday,17.41,116,2018.99,-3781.01,1.7605
7,21,21.04,112.55,2586.32,190,,Summer,Monday,21.13,132,2788.67,-3811.33,0.6452
7,22,21.04,24.22,4383.69,446,Discount,Winter,Wednesday,20.66,161,3325.84,-4724.16,-9.8988
7,23,21.04,11.21,2518.38,237,,Summer,Tuesday,23.28,121,2817.36,-3232.64,-1.954
7,24,21.04,240.85,3541.07,490,,Fall,Thursday,22.38,151,3379.46,-4170.54,-6.3901
7,25,21.04,209.82,4964.8,135,Discount,Summer,Sunday,20.58,158,3251.81,-4648.19,-0.5766
7,26,21.04,175.51,744.3,101,,Winter,Wednesday,18.72,123,2302.45,-3847.55,2.4485
7,27,21.04,105.19,1446.18,160,,Spring,Thursday,22.94,129,2959.88,-3490.12,0.2161
7,28,21.04,47.46,2033.42,486,,Spring,Sunday,22.78,133,3030.39,-3619.61,-4.4499
7,29,21.04,43.33,2166.96,414,,Winter,Monday,18.12,126,2282.94,-4017.06,0.257
7,30,21.04,66.31,2114.0,391,Bundle,Fall,Saturday,24.53,135,3310.98,-3439.02,0.202
7,31,21.04,139.56,4547.29,92,,Winter,Monday,17.37,124,2153.96,-4046.04,0.2793
7,32,21.04,180.08,3598.76,260,,Fall,Saturday,17.29,117,2023.14,-3826.86,12.4409
7,33,21.04,166.75,3078.74,249,,Spring,Friday,18.41,127,2337.45,-4012.55,1.3275
7,34,21.04,73.58,1615.93,347,Discount,Fall,Saturday,24.48,147,3598.74,-3751.26,0.477
7,35,21.04,238.94,4136.57,395,,Winter,Friday,21.2,145,3074.6,-4175.4,0.1016
7,36,21.04,185.78,4779.8,289,,Winter,Wednesday,23.46,130,3049.63,-3450.37,-0.9729
7,37,21.04,140.82,4123.87,164,Bundle,Winter,Friday,18.75,140,2624.42,-4375.58,-0.3829
7,38,21.04,154.87,107.67,75,,Fall,Thursday,20.95,120,2514.43,-3485.57,-1.213
7,39,21.04,107.8,3218.37,456,,Fall,Friday,19.84,137,2718.56,-4131.44,-2.674
7,40,21.04,65.69,350.56,348,,Fall,Thursday,23.79,121,2879.12,-3170.88,-0.5866
8,1,174.57,92.21,1362.28,126,,Spring,Sunday,141.24,97,13700.01,8850.01,-1.5
8,2,174.57,190.67,391.67,461,,Summer,Sunday,156.69,122,19115.71,13015.71,2.3562
8,3,174.57,8.53,3058.6,186,,Summer,Saturday,150.31,100,15031.29,10031.29,4.4334
8,4,174.57,33.44,3464.29,69,Discount,Winter,Saturday,199.66,110,21962.1,16462.1,0.3046
8,5,174.57,16.27,660.99,489,,Spring,Saturday,172.31,105,18092.24,12842.24,0.3318
8,6,174.57,14.98,1980.81,260,Discount,Fall,Friday,167.89,119,19978.34,14028.34,-5.1956
8,7,174.57,214.59,2335.56,289,,Winter,Saturday,171.05,108,18472.96,13072.96,-4.91
8,8,174.57,177.4,1908.36,88,Discount,Spring,Friday,207.53,115,23865.68,18115.68,0.3039
8,9,174.57,121.17,693.02,484,Discount,Winter,Friday,199.03,137,27267.44,20417.44,-4.6733
8,10,174.57,28.97,2152.84,317,,Spring,Tuesday,188.98,90,17008.57,12508.57,6.7953
8,11,174.57,125.45,3780.77,256,,Spring,Tuesday,159.94,101,16154.22,11104.22,-0.7954
8,12,174.57,121.0,447.94,488,,Summer,Friday,151.19,119,17991.93,12041.93,-3.2577
8,13,174.57,47.43,492.88,316,Discount,Winter,Sunday,204.0,120,24480.23,18480.23,0.0241
8,14,174.57,111.29,1838.38,203,Discount,Fall,Thursday,169.2,122,20642.63,14542.63,-0.0977
8,15,174.57,102.63,4714.46,91,,Summer,Wednesday,159.12,96,15275.92,10475.92,3.5781
8,16,174.57,155.88,3376.01,460,,Summer,Monday,172.54,125,21567.86,15317.86,3.5822
8,17,174.57,160.6,3425.48,60,,Fall,Tuesday,203.75,87,17726.38,13376.38,-1.6807
8,18,174.57,16.1,1873.41,343,Discount,Spring,Friday,166.69,124,20669.24,14469.24,-2.3379
8,19,174.57,96.78,3008.94,147,,Fall,Monday,178.95,89,15926.34,11476.34,-3.8375
8,20,174.57,158.34,149.64,476,,Winter,Tuesday,195.73,114,22313.15,16613.15,2.9953
8,21,174.57,128.27,3216.87,324,,Fall,Wednesday,169.49,112,18982.34,13382.34,0.1308
8,22,174.57,214.84,4575.11,497,,Spring,Thursday,155.97,123,19183.92,13033.92,-1.2314
8,23,174.57,166.38,3101.61,439,Discount,Fall,Friday,209.11,128,26765.55,20365.55,0.1193
8,24,174.57,44.92,4381.12,479,,Spring,Wednesday,206.46,98,20232.64,15332.64,18.4915
8,25,174.57,22.29,3647.47,421,,Spring,Sunday,198.56,98,19458.72,14558.72,-0.0
8,26,174.57,162.39,690.74,279,,Winter,Tuesday,187.73,105,19711.39,14461.39,-1.3095
8,27,174.57,11.5,4522.02,418,,Fall,Friday,160.25,101,16185.16,11135.16,0.2603
8,28,174.57,148.52,425.57,475,,Fall,Monday,203.44,108,21971.72,16571.72,0.2571
8,29,174.57,235.36,2716.44,269,Bundle,Winter,Sunday,158.9,133,21133.8,14483.8,-1.0573
8,30,174.57,145.99,796.47,114,Discount,Spring,Sunday,195.58,117,22882.72,17032.72,-0.5212
8,31,174.57,100.1,157.36,404,,Fall,Saturday,203.78,107,21804.48,16454.48,-2.0382
8,32,174.57,162.61,2167.97,281,,Winter,Thursday,181.77,111,20176.04,14626.04,-0.3461
8,33,174.57,117.27,1545.7,377,Discount,Spring,Sunday,195.74,123,24075.49,17925.49,1.4067
8,34,174.57,138.68,2481.4,492,,Winter,Tuesday,194.94,107,20858.83,15508.83,32.0941
8,35,174.57,235.66,2928.28,101,,Fall,Thursday,153.15,100,15314.69,10314.69,0.3051
8,36,174.57,99.6,314.32,423,Discount,Winter,Friday,186.3,133,24777.84,18127.84,1.5244
8,37,174.57,240.49,702.72,480,Discount,Summer,Saturday,146.19,151,22074.02,14524.02,-0.6285
8,38,174.57,226.81,2837.35,425,Bundle,Spring,Wednesday,175.12,130,22765.81,16265.81,-0.7026
8,39,174.57,52.97,1781.52,312,Bundle,Summer,Thursday,150.99,122,18420.49,12320.49,0.4465
8,40,174.57,21.99,3672.95,316,Discount,Summer,Monday,168.73,127,21428.99,15078.99,0.3487
9,1,124.21,29.69,3296.23,408,,Spring,Tuesday,140.76,98,13794.09,8894.09,-1.5
9,2,124.21,9.46,4243.46,366,,Spring,Monday,148.42,109,16177.42,10727.42,2.0624
9,3,124.21,28.14,3493.21,373,,Winter,Thursday,115.17,117,13474.57,7624.57,-0.3276
9,4,124.21,172.34,2206.66,458,,Spring,Saturday,125.8,117,14718.55,8868.55,0.0
9,5,124.21,22.44,3397.54,445,,Summer,Wednesday,124.77,117,14598.46,8748.46,-0.0
9,6,124.21,83.15,1449.37,203,,Summer,Wednesday,146.79,99,14532.08,9582.08,-0.8719
9,7,124.21,211.99,1600.94,407,,Fall,Monday,123.15,118,14531.44,8631.44,-1.1916
9,8,124.21,10.7,3966.03,415,,Spring,Friday,134.1,110,14751.48,9251.48,-0.762
9,9,124.21,204.54,2287.46,189,,Summer,Friday,145.17,118,17129.86,11229.86,0.8815
9,10,124.21,74.05,4012.06,476,,Fall,Saturday,117.92,120,14150.48,8150.48,-0.0903
9,11,124.21,33.95,4129.87,100,,Fall,Wednesday,144.19,91,13121.4,8571.4,-1.0848
9,12,124.21,175.7,4302.06,166,Discount,Winter,Monday,144.95,141,20438.38,13388.38,103.9895
9,13,124.21,159.09,4591.51,470,,Summer,Monday,145.61,123,17909.93,11759.93,-28.2018
9,14,124.21,219.98,2211.83,95,,Winter,Monday,112.81,112,12634.33,7034.33,0.397
9,15,124.21,185.09,1662.45,358,Discount,Summer,Thursday,119.26,137,16338.76,9488.76,3.9011
9,16,124.21,201.85,2952.77,137,,Winter,Saturday,142.61,110,15687.64,10187.64,-1.0064
9,17,124.21,74.1,1918.74,257,,Winter,Friday,117.21,113,13245.22,7595.22,-0.1531
9,18,124.21,48.47,3045.26,426,,Spring,Friday,129.19,113,14598.8,8948.8,0.0
9,19,124.21,188.9,3557.37,318,,Winter,Thursday,105.23,121,12733.43,6683.43,-0.3818
9,20,124.21,202.67,3473.18,138,Bundle,Spring,Tuesday,102.17,133,13588.01,6938.01,-3.4001
9,21,124.21,247.67,1935.31,430,,Fall,Thursday,119.84,125,14979.91,8729.91,-0.3477
9,22,124.21,106.09,917.61,167,,Summer,Saturday,128.13,111,14222.74,8672.74,-1.6184
9,23,124.21,96.14,2209.59,103,,Fall,Monday,118.88,100,11888.06,6888.06,1.3724
9,24,124.21,195.22,798.71,490,,Summer,Thursday,128.07,137,17546.16,10696.16,4.7845
9,25,124.21,88.5,4461.48,165,,Fall,Monday,124.96,102,12746.05,7646.05,10.5113
9,26,124.21,233.04,1794.8,167,,Summer,Saturday,133.44,120,16012.64,10012.64,2.6013
9,27,124.21,215.31,856.85,309,,Winter,Sunday,131.64,120,15796.96,9796.96,-0.0
9,28,124.21,110.1,224.69,124,,Summer,Saturday,120.45,103,12406.15,7256.15,1.6661
9,29,124.21,188.96,3264.53,354,,Summer,Wednesday,120.49,128,15422.11,9022.11,785.0299
9,30,124.21,189.86,3220.82,56,,Fall,Monday,106.36,113,12019.13,6369.13,0.9999
9,31,124.21,30.27,1768.96,415,,Fall,Friday,124.87,104,12986.44,7786.44,-0.4578
9,32,124.21,226.13,451.39,171,Discount,Fall,Thursday,128.54,132,16967.72,10367.72,9.1512
9,33,124.21,128.79,2107.18,60,,Spring,Sunday,123.04,100,12304.37,7304.37,5.6662
9,34,124.21,207.48,1624.97,397,,Spring,Saturday,115.55,128,14790.68,8390.68,-4.5988
9,35,124.21,83.41,3417.89,487,,Summer,Monday,135.22,124,16767.83,10567.83,-0.1836
9,36,124.21,224.4,3068.32,264,,Summer,Sunday,103.08,131,13503.35,6953.35,-0.2375
9,37,124.21,100.35,1886.51,478,Discount,Winter,Tuesday,144.8,153,22154.89,14504.89,0.4149
9,38,124.21,7.66,1167.67,328,,Winter,Wednesday,100.4,107,10742.28,5392.28,0.9804
9,39,124.21,226.82,4941.38,77,Discount,Summer,Tuesday,147.18,139,20458.52,13508.52,0.6417
9,40,124.21,27.37,2324.61,284,,Spring,Saturday,122.34,105,12845.86,7595.86,1.4492
10,1,144.53,83.23,3472.54,416,Discount,Summer,Tuesday,139.48,143,19946.35,12796.35,-1.5
10,2,144.53,237.77,788.71,362,,Winter,Tuesday,130.45,128,16697.98,10297.98,1.6199
10,3,144.53,237.9,2479.39,75,Discount,Spring,Wednesday,116.21,135,15688.25,8938.25,-0.5009
10,4,144.53,145.49,234.93,458,,Spring,Wednesday,131.51,120,15781.63,9781.63,-0.8437
10,5,144.53,159.8,2576.73,103,,Winter,Wednesday,121.95,102,12439.09,7339.09,2.0631
10,6,144.53,114.87,4823.69,78,,Summer,Sunday,153.77,99,15223.59,10273.59,-0.1127
10,7,144.53,76.84,1982.61,402,,Fall,Wednesday,134.07,114,15284.42,9584.42,-1.1827
10,8,144.53,85.52,291.08,213,Bundle,Summer,Tuesday,159.98,122,19517.6,13417.6,0.3632
10,9,144.53,169.77,251.68,319,,Summer,Friday,127.59,120,15310.75,9310.75,0.081
10,10,144.53,189.33,2001.14,383,,Winter,Friday,167.67,115,19282.37,13532.37,-0.1326
10,11,144.53,198.94,884.12,84,,Spring,Wednesday,145.86,107,15607.28,10257.28,0.5348
10,12,144.53,198.46,214.43,335,,Winter,Sunday,122.25,127,15525.37,9175.37,-1.1545
10,13,144.53,27.35,3805.45,397,,Summer,Thursday,138.8,110,15268.14,9768.14,-0.9885
10,14,144.53,126.13,2346.76,322,,Fall,Monday,127.58,102,13013.22,7913.22,0.8996
10,15,144.53,19.1,1517.3,257,,Fall,Saturday,127.17,100,12717.15,7717.15,6.1158
10,16,144.53,139.63,4510.41,287,Bundle,Fall,Sunday,144.9,127,18402.56,12052.56,1.9366
10,17,144.53,113.17,669.08,463,,Winter,Thursday,154.47,119,18382.11,12432.11,-0.9538
10,18,144.53,222.49,4784.0,142,,Spring,Saturday,168.33,114,19189.72,13489.72,-0.4683
10,19,144.53,90.97,1638.44,222,Discount,Winter,Thursday,144.66,138,19962.91,13062.91,-1.497
10,20,144.53,33.68,4453.18,128,,Fall,Thursday,171.47,85,14574.57,10324.57,-2.0725
10,21,144.53,40.03,3054.42,159,,Summer,Friday,170.07,97,16496.43,11646.43,-17.2991
10,22,144.53,191.57,4150.87,266,,Spring,Monday,165.64,107,17723.41,12373.41,-3.9605
10,23,144.53,156.46,4921.66,484,,Winter,Thursday,144.53,119,17199.36,11249.36,-0.8801
10,24,144.53,29.78,1513.19,407,,Winter,Wednesday,123.77,108,13367.5,7967.5,0.6436
10,25,144.53,25.61,4809.56,155,Discount,Spring,Saturday,128.22,126,16156.33,9856.33,4.634
10,26,144.53,176.74,2008.46,96,,Spring,Sunday,153.07,103,15766.32,10616.32,-0.942
10,27,144.53,22.83,1989.01,230,,Summer,Friday,140.01,107,14981.09,9631.09,-0.4551
10,28,144.53,206.36,1767.9,113,Discount,Spring,Saturday,124.11,146,18120.67,10820.67,-3.2103
10,29,144.53,178.03,2752.9,295,Bundle,Summer,Wednesday,143.32,136,19491.43,12691.43,-0.4426
10,30,144.53,24.93,855.31,293,,Fall,Wednesday,116.63,97,11313.57,6463.57,1.5402
10,31,144.53,25.79,2813.19,471,,Fall,Thursday,158.06,110,17386.17,11886.17,0.3774
10,32,144.53,246.73,2754.35,369,,Winter,Wednesday,119.88,125,14985.13,8735.13,-0.5646
10,33,144.53,96.7,3833.32,136,Bundle,Fall,Monday,152.0,119,18087.8,12137.8,-0.1792
10,34,144.53,95.81,4184.88,266,Discount,Fall,Wednesday,161.47,115,18569.48,12819.48,-0.5392
10,35,144.53,204.14,2258.16,56,,Summer,Thursday,123.3,108,13315.93,7915.93,0.2574
10,36,144.53,237.08,1581.43,327,,Winter,Saturday,145.61,124,18055.81,11855.81,0.8185
10,37,144.53,246.57,1370.74,386,,Spring,Wednesday,160.67,125,20083.46,13833.46,0.078
10,38,144.53,189.58,1053.66,259,Discount,Winter,Friday,130.7,138,18035.93,11135.93,-0.5575
10,39,144.53,97.18,382.47,218,,Fall,Sunday,125.05,96,12004.4,7204.4,7.0409
10,40,144.53,25.46,1778.0,379,,Spring,Friday,135.1,107,14455.67,9105.67,1.4251
11,1,13.91,195.4,1424.21,187,Bundle,Winter,Friday,14.22,156,2217.61,-5582.39,-1.5
11,2,13.91,141.81,4835.45,490,,Winter,Saturday,14.33,137,1963.2,-4886.8,-15.1187
11,3,13.91,108.93,2832.77,440,,Winter,Tuesday,11.86,137,1624.42,-5225.58,-0.0
11,4,13.91,227.06,1801.66,430,,Winter,Sunday,13.67,148,2023.89,-5376.11,0.5237
11,5,13.91,32.24,2944.29,355,,Summer,Friday,12.62,127,1602.95,-4747.05,1.8422
11,6,13.91,125.69,782.06,279,,Winter,Friday,15.81,126,1992.59,-4307.41,-0.0311
11,7,13.91,7.78,2275.81,357,,Fall,Tuesday,12.87,119,1531.97,-4418.03,0.2988
11,8,13.91,119.82,3168.55,210,,Fall,Saturday,15.8,123,1942.88,-4207.12,0.1481
11,9,13.91,18.79,2495.6,50,Discount,Summer,Sunday,13.51,138,1864.87,-5035.13,-0.8441
11,10,13.91,34.11,2068.72,285,,Spring,Friday,15.17,129,1957.17,-4492.83,-0.5315
11,11,13.91,33.79,4969.86,486,,Spring,Thursday,13.97,136,1899.52,-4900.48,-0.6833
11,12,13.91,164.06,4413.54,237,,Fall,Saturday,14.59,129,1882.07,-4567.93,-1.1545
11,13,13.91,187.78,3154.69,467,Discount,Fall,Sunday,13.33,170,2265.89,-6234.11,-3.6775
11,14,13.91,147.93,2889.95,53,Discount,Summer,Friday,15.4,151,2325.92,-5224.08,-0.718
11,15,13.91,240.73,3141.24,450,,Spring,Friday,13.49,144,1943.25,-5256.75,0.3741
11,16,13.91,96.84,1086.43,181,,Spring,Tuesday,13.67,119,1627.25,-4322.75,-13.0465
11,17,13.91,75.0,2036.17,476,,Winter,Sunday,14.01,132,1849.24,-4750.76,4.4582
11,18,13.91,217.81,293.35,267,,Winter,Thursday,15.76,146,2300.59,-4999.41,0.85
11,19,13.91,59.78,2430.18,309,,Winter,Saturday,14.8,132,1953.32,-4646.68,1.5747
11,20,13.91,240.99,2760.82,50,Discount,Summer,Wednesday,13.07,144,1882.33,-5317.67,-0.7793
11,21,13.91,7.98,1215.97,120,Discount,Fall,Monday,14.86,139,2065.37,-4884.63,-0.254
11,22,13.91,242.62,4823.74,227,,Summer,Thursday,14.7,134,1970.28,-4729.72,3.4437
11,23,13.91,15.57,4556.33,238,Discount,Spring,Wednesday,16.31,146,2381.18,-4918.82,0.82
11,24,13.91,223.33,3638.5,340,Bundle,Fall,Thursday,15.81,141,2229.33,-4820.67,1.1202
11,25,13.91,134.29,2713.59,57,,Winter,Sunday,14.73,119,1753.05,-4196.95,2.2856
11,26,13.91,248.28,4362.85,302,,Summer,Wednesday,13.03,152,1980.43,-5619.57,-2.3997
11,27,13.91,23.08,740.2,457,Bundle,Summer,Sunday,15.47,155,2397.34,-5352.66,0.1055
11,28,13.91,140.69,3973.5,341,,Winter,Wednesday,14.33,138,1977.48,-4922.52,1.4917
11,29,13.91,242.48,711.62,483,Bundle,Summer,Thursday,16.61,170,2823.92,-5676.08,1.4562
11,30,13.91,133.16,3991.63,293,Bundle,Winter,Tuesday,12.51,142,1775.86,-5324.14,0.6665
11,31,13.91,159.2,1451.26,172,,Spring,Thursday,11.57,128,1481.23,-4918.77,1.3201
11,32,13.91,175.46,4397.74,348,Discount,Fall,Sunday,11.52,163,1877.39,-6272.61,-58.2399
11,33,13.91,116.36,4725.81,332,Discount,Spring,Thursday,14.69,169,2482.65,-5967.35,0.1336
11,34,13.91,158.75,829.1,81,,Spring,Wednesday,16.36,117,1913.57,-3936.43,-2.7147
11,35,13.91,148.16,2367.11,383,,Winter,Monday,11.14,139,1548.4,-5401.6,-0.5896
11,36,13.91,225.78,4906.84,426,,Summer,Wednesday,15.17,150,2275.1,-5224.9,0.2189
11,37,13.91,16.13,2468.7,195,,Spring,Friday,14.79,119,1759.42,-4190.58,8.1991
11,38,13.91,73.84,4331.38,205,,Spring,Thursday,15.2,126,1915.67,-4384.33,2.0774
11,39,13.91,237.85,2984.78,462,,Spring,Saturday,13.11,152,1992.18,-5607.82,-1.4959
11,40,13.91,223.11,1939.12,65,,Summer,Thursday,15.69,135,2118.75,-4631.25,-0.5664
12,1,194.28,116.64,1500.34,404,,Summer,Tuesday,158.9,108,17161.27,11761.27,-1.5
12,2,194.28,156.93,1095.79,96,Discount,Winter,Sunday,214.13,104,22269.86,17069.86,-0.1066
12,3,194.28,72.96,3832.81,300,Bundle,Spring,Saturday,176.18,113,19908.49,14258.49,-0.4883
12,4,194.28,51.09,1994.05,236,Bundle,Fall,Wednesday,192.48,104,20018.22,14818.22,-0.8608
12,5,194.28,118.61,2605.25,80,,Summer,Tuesday,219.36,87,19083.97,14733.97,-1.1708
12,6,194.28,91.57,2512.39,309,Discount,Winter,Thursday,176.51,127,22417.34,16067.34,-2.3541
12,7,194.28,148.0,2928.67,470,Discount,Spring,Wednesday,169.82,139,23604.89,16654.89,-2.4912
12,8,194.28,24.04,4341.33,66,,Fall,Wednesday,208.37,80,16669.86,12669.86,-1.8696
12,9,194.28,243.73,4905.62,88,,Summer,Friday,196.88,100,19687.81,14687.81,-4.5317
12,10,194.28,246.62,2097.16,353,,Fall,Friday,195.4,109,21298.84,15848.84,-12.006
12,11,194.28,176.05,4154.84,479,Bundle,Summer,Monday,175.38,137,24027.15,17177.15,-2.507
12,12,194.28,136.34,3846.19,481,,Winter,Friday,158.14,123,19450.85,13300.85,1.0393
12,13,194.28,80.83,2910.29,88,,Fall,Sunday,187.31,91,17045.17,12495.17,-1.4103
12,14,194.28,204.38,4784.63,181,,Spring,Saturday,163.71,115,18826.35,13076.35,-2.093
12,15,194.28,172.76,1082.33,79,,Spring,Wednesday,225.83,84,18970.02,14770.02,-0.7103
12,16,194.28,44.84,635.39,207,,Summer,Friday,158.63,89,14118.25,9668.25,-0.2
12,17,194.28,228.18,4284.41,327,,Spring,Monday,188.97,111,20975.81,15425.81,1.2925
12,18,194.28,206.52,2251.83,252,,Fall,Thursday,159.49,99,15789.16,10839.16,0.6929
12,19,194.28,237.7,4250.15,115,Discount,Winter,Saturday,162.85,148,24101.99,16701.99,23.4595
12,20,194.28,182.8,4476.14,157,,Summer,Friday,206.63,98,20249.63,15349.63,-1.2567
12,21,194.28,155.29,406.04,317,,Fall,Wednesday,205.72,100,20571.54,15571.54,-4.616
12,22,194.28,107.47,4428.98,271,,Summer,Thursday,157.99,114,18011.42,12311.42,-0.6035
12,23,194.28,233.52,2296.76,341,,Winter,Sunday,155.51,122,18972.74,12872.74,-4.4695
12,24,194.28,217.19,2601.12,67,,Summer,Wednesday,161.55,117,18901.53,13051.53,-1.0557
12,25,194.28,16.08,3170.3,139,,Spring,Thursday,214.72,80,17177.71,13177.71,-0.9609
12,26,194.28,11.46,4639.27,230,Discount,Spring,Sunday,200.86,109,21893.26,16443.26,-5.6136
12,27,194.28,97.23,193.67,304,Discount,Summer,Sunday,158.39,128,20273.74,13873.74,-0.8244
12,28,194.28,203.59,2436.53,302,Discount,Winter,Saturday,193.36,139,26876.74,19926.74,0.3892
12,29,194.28,246.88,3469.84,306,,Winter,Wednesday,210.76,111,23394.4,17844.4,-2.2382
12,30,194.28,41.85,3641.26,432,,Spring,Friday,222.96,93,20734.84,16084.84,-2.8026
12,31,194.28,150.56,3493.41,491,Bundle,Winter,Friday,228.01,128,29185.69,22785.69,16.5892
12,32,194.28,98.32,758.73,395,,Summer,Monday,180.87,113,20438.62,14788.62,0.5668
12,33,194.28,242.63,1567.04,136,,Fall,Thursday,165.98,104,17262.16,12062.16,0.9675
12,34,194.28,211.32,1857.71,139,,Summer,Monday,173.84,112,19469.92,13869.92,1.6252
12,35,194.28,210.39,4041.74,286,,Spring,Tuesday,215.75,105,22653.23,17403.23,-0.2593
12,36,194.28,119.83,1465.92,439,,Spring,Friday,230.92,98,22630.49,17730.49,-0.9476
12,37,194.28,106.63,1132.45,119,Bundle,Spring,Thursday,191.67,109,20892.16,15442.16,-0.6603
12,38,194.28,71.98,4791.5,93,,Winter,Saturday,179.16,88,15765.75,11365.75,2.9507
12,39,194.28,18.81,143.43,249,,Summer,Monday,188.78,88,16612.64,12212.64,0.0
12,40,194.28,216.86,4989.32,201,Bundle,Fall,Saturday,179.11,124,22210.17,16010.17,-7.9899
13,1,168.16,204.16,3416.42,135,Bundle,Summer,Saturday,151.78,124,18821.23,12621.23,-1.5
13,2,168.16,249.93,4159.5,68,,Fall,Saturday,174.47,108,18842.79,13442.79,-0.8633
13,3,168.16,249.18,1543.64,150,,Summer,Monday,135.59,121,16406.36,10356.36,-0.5401
13,4,168.16,141.08,170.14,451,Discount,Spring,Tuesday,151.99,137,20822.66,13972.66,1.0932
13,5,168.16,193.4,3715.56,144,Discount,Fall,Sunday,179.02,126,22556.47,16256.47,-0.4515
13,6,168.16,236.47,4187.31,303,,Summer,Sunday,136.69,137,18726.26,11876.26,-0.3692
13,7,168.16,213.16,3728.33,406,Discount,Winter,Monday,140.13,154,21579.7,13879.7,4.9307
13,8,168.16,65.6,799.97,79,,Winter,Sunday,154.27,96,14809.61,10009.61,-3.7327
13,9,168.16,115.38,3791.8,298,,Summer,Wednesday,193.58,103,19938.47,14788.47,0.2861
13,10,168.16,36.64,3867.72,475,,Spring,Sunday,185.98,114,21201.93,15501.93,-2.7218
13,11,168.16,238.74,3326.85,82,,Fall,Friday,136.02,112,15234.43,9634.43,0.0653
13,12,168.16,153.51,3853.97,278,Discount,Summer,Monday,168.28,134,22549.43,15849.43,0.8283
13,13,168.16,61.02,4245.02,61,,Winter,Sunday,153.01,104,15912.86,10712.86,2.4671
13,14,168.16,169.57,3106.66,167,,Fall,Monday,178.16,98,17459.96,12559.96,-0.3509
13,15,168.16,156.44,534.16,399,,Winter,Tuesday,183.07,107,19588.18,14238.18,3.3363
13,16,168.16,92.75,2489.38,204,,Winter,Wednesday,192.57,94,18101.79,13401.79,-2.34
13,17,168.16,32.82,480.48,472,,Summer,Monday,166.51,114,18982.19,13282.19,-1.5721
13,18,168.16,169.54,2096.96,442,,Winter,Friday,201.42,109,21955.17,16505.17,-0.2092
13,19,168.16,132.48,2094.82,295,,Fall,Sunday,200.45,91,18241.01,13691.01,34.1881
13,20,168.16,194.22,423.45,454,Discount,Spring,Friday,193.87,135,26172.56,19422.56,-14.7299
13,21,168.16,132.44,1809.22,381,,Summer,Sunday,173.2,112,19398.43,13798.43,1.5979
13,22,168.16,213.78,643.89,296,,Fall,Monday,161.3,105,16936.86,11686.86,0.9099
13,23,168.16,140.22,4060.35,78,Discount,Summer,Saturday,159.04,125,19880.25,13630.25,-13.586
13,24,168.16,142.43,4743.67,210,,Winter,Sunday,135.35,116,15700.24,9900.24,0.4833
13,25,168.16,219.78,454.35,284,,Winter,Saturday,151.29,117,17701.18,11851.18,0.0732
13,26,168.16,103.85,4780.06,239,Bundle,Fall,Wednesday,182.88,108,19751.3,14351.3,-0.3684
13,27,168.16,37.83,2660.63,166,,Fall,Friday,175.13,85,14886.47,10636.47,5.0271
13,28,168.16,12.05,1567.87,320,,Spring,Saturday,196.18,91,17851.93,13301.93,0.5876
13,29,168.16,190.01,476.62,307,,Fall,Friday,137.9,110,15168.57,9668.57,-0.7028
13,30,168.16,156.98,2553.06,229,,Fall,Sunday,144.98,104,15077.51,9877.51,-1.0624
13,31,168.16,177.5,3993.13,422,Bundle,Summer,Sunday,187.62,137,25703.98,18853.98,1.0787
13,32,168.16,57.18,3564.72,221,,Winter,Wednesday,158.65,102,16181.95,11081.95,1.6543
13,33,168.16,38.41,346.11,487,Discount,Fall,Sunday,142.49,133,18951.42,12301.42,-2.9847
13,34,168.16,8.56,457.22,323,Discount,Spring,Wednesday,201.56,122,24590.1,18490.1,-0.1995
13,35,168.16,90.89,2074.08,308,,Fall,Saturday,187.49,106,19873.53,14573.53,1.8785
13,36,168.16,149.53,1546.92,184,,Winter,Sunday,162.03,98,15878.5,10978.5,0.5558
13,37,168.16,101.1,1238.68,220,,Fall,Monday,189.91,84,15952.8,11752.8,-0.83
13,38,168.16,112.18,1476.92,259,,Summer,Thursday,180.31,103,18572.19,13422.19,-4.4739
13,39,168.16,226.52,4037.07,285,,Winter,Tuesday,187.67,117,21957.32,16107.32,3.3314
13,40,168.16,90.32,4653.22,471,Bundle,Fall,Thursday,189.37,122,23102.73,17002.73,4.7254
14,1,50.34,130.93,2085.0,470,Bundle,Summer,Thursday,41.98,159,6675.1,-1274.9,-1.5
14,2,50.34,196.99,4539.94,235,,Winter,Friday,52.82,128,6761.07,361.07,-0.7552
14,3,50.34,102.15,1675.33,466,,Fall,Wednesday,40.41,119,4809.05,-1140.95,0.2993
14,4,50.34,157.41,2434.54,413,Discount,Summer,Friday,41.15,157,6460.65,-1389.35,17.4751
14,5,50.34,216.28,1207.54,492,,Spring,Saturday,58.48,141,8245.64,1195.64,-0.242
14,6,50.34,237.63,3238.33,144,Discount,Summer,Tuesday,50.9,160,8143.92,143.92,-1.0396
14,7,50.34,41.03,4897.01,427,,Spring,Saturday,55.09,114,6280.83,580.83,-3.488
14,8,50.34,232.01,3057.12,60,,Fall,Monday,57.16,123,7030.81,880.81,2.1052
14,9,50.34,125.57,1853.29,117,Discount,Summer,Tuesday,59.4,145,8612.73,1362.73,4.5703
14,10,50.34,68.27,3274.31,428,,Spring,Friday,57.78,125,7222.8,972.8,5.0707
14,11,50.34,117.49,702.31,259,Bundle,Winter,Sunday,50.01,135,6751.13,1.13,-0.5946
14,12,50.34,245.11,4454.43,245,Bundle,Summer,Sunday,47.04,160,7526.6,-473.4,-3.1211
14,13,50.34,125.69,2565.11,418,,Fall,Friday,43.39,132,5727.04,-872.96,2.2526
14,14,50.34,85.54,2301.81,147,,Winter,Saturday,48.34,119,5752.12,-197.88,-0.8631
14,15,50.34,160.18,2970.74,142,Bundle,Spring,Friday,47.66,131,6242.92,-307.08,-7.1553
14,16,50.34,63.84,3161.44,71,Bundle,Summer,Friday,51.54,136,7010.0,210.0,0.4678
14,17,50.34,23.59,451.7,499,,Summer,Thursday,53.68,129,6924.39,474.39,-1.2436
14,18,50.34,36.58,3444.82,221,Discount,Fall,Monday,59.98,135,8096.87,1346.87,0.3963
14,19,50.34,36.37,1285.47,432,,Winter,Sunday,54.94,125,6867.95,617.95,0.8827
14,20,50.34,42.22,3598.37,183,,Summer,Thursday,53.24,113,6016.03,366.03,3.0947
14,21,50.34,39.01,4130.42,475,Discount,Summer,Friday,47.02,159,7476.75,-473.25,-3.4868
14,22,50.34,162.01,4039.4,74,,Winter,Wednesday,40.97,124,5080.33,-1119.67,1.71
14,23,50.34,49.56,2807.25,234,Bundle,Summer,Thursday,46.08,133,6128.34,-521.66,0.5822
14,24,50.34,89.69,2648.83,134,,Winter,Friday,55.75,116,6467.04,667.04,-0.6089
14,25,50.34,224.71,800.09,104,,Winter,Sunday,44.41,125,5551.16,-698.84,-0.3814
14,26,50.34,121.12,3899.2,300,,Winter,Friday,54.62,131,7154.88,604.88,0.2088
14,27,50.34,168.55,1429.91,193,,Fall,Monday,51.95,116,6026.32,226.32,2.3454
14,28,50.34,47.22,2533.81,400,,Winter,Saturday,43.74,128,5598.25,-801.75,-0.6542
14,29,50.34,52.11,1492.94,447,,Winter,Tuesday,45.54,131,5966.28,-583.72,0.567
14,30,50.34,15.01,755.76,216,,Spring,Thursday,50.27,108,5429.16,29.16,-1.692
14,31,50.34,46.39,3184.83,461,,Spring,Thursday,48.7,122,5941.48,-158.52,-4.1524
14,32,50.34,73.25,366.23,273,,Fall,Thursday,55.95,109,6099.0,649.0,-0.7154
14,33,50.34,48.37,3768.36,269,Discount,Winter,Friday,55.06,146,8039.46,739.46,-21.3587
14,34,50.34,26.73,1656.18,228,,Spring,Monday,51.85,111,5754.93,204.93,4.1013
14,35,50.34,34.56,100.66,168,,Spring,Friday,56.83,106,6024.44,724.44,-0.4682
14,36,50.34,117.89,2604.53,482,,Summer,Friday,51.61,140,7224.9,224.9,-3.4871
14,37,50.34,55.55,329.57,314,,Winter,Saturday,59.7,124,7402.33,1202.33,-0.7291
14,38,50.34,94.25,1453.23,491,,Spring,Wednesday,44.65,137,6117.04,-732.96,-0.4159
14,39,50.34,128.34,3564.18,478,,Fall,Monday,54.66,127,6941.38,591.38,-0.3257
14,40,50.34,174.15,407.18,199,,Summer,Thursday,47.73,131,6252.03,-297.97,-0.2484
15,1,44.55,14.63,4212.76,465,Discount,Summer,Tuesday,40.61,166,6740.96,-1559.04,-1.5
15,2,44.55,200.86,118.72,264,Discount,Winter,Thursday,38.85,156,6060.86,-1739.14,1.3927
15,3,44.55,158.84,1309.44,246,,Winter,Friday,45.48,126,5730.77,-569.23,-1.1268
15,4,44.55,25.03,3730.43,91,,Summer,Monday,39.48,111,4381.92,-1168.08,0.9016
15,5,44.55,219.03,1649.72,102,,Fall,Sunday,39.21,114,4469.64,-1230.36,-3.9605
15,6,44.55,230.61,599.27,492,,Winter,Monday,53.29,147,7833.25,483.25,0.8061
15,7,44.55,19.96,1865.15,379,,Winter,Monday,49.92,122,6090.67,-9.33,2.694
15,8,44.55,72.84,1424.93,300,,Summer,Wednesday,48.97,123,6023.4,-126.6,-0.4295
15,9,44.55,202.52,4229.29,344,,Summer,Thursday,49.79,141,7019.9,-30.1,8.7845
15,10,44.55,188.32,1635.4,427,,Winter,Wednesday,52.9,141,7459.23,409.23,0.0
15,11,44.55,50.21,3965.77,320,,Spring,Sunday,45.85,117,5364.74,-485.26,1.2773
15,12,44.55,56.29,4470.17,462,,Winter,Sunday,39.56,129,5103.48,-1346.52,-0.7476
15,13,44.55,95.77,2225.71,172,,Spring,Saturday,51.0,112,5712.09,112.09,-0.4558
15,14,44.55,123.71,4558.72,416,,Summer,Tuesday,48.87,146,7135.3,-164.7,-7.2723
15,15,44.55,156.47,1948.86,436,,Spring,Saturday,43.02,141,6065.8,-984.2,0.286
15,16,44.55,95.38,4823.98,388,,Fall,Friday,44.08,128,5641.7,-758.3,-3.7562
15,17,44.55,118.32,537.52,315,,Summer,Wednesday,42.97,127,5456.6,-893.4,0.3101
15,18,44.55,188.13,3466.39,397,,Winter,Wednesday,52.21,136,7100.25,300.25,0.3294
15,19,44.55,13.99,2519.69,78,,Winter,Saturday,41.76,110,4593.45,-906.55,0.9552
15,20,44.55,66.85,1999.48,84,,Summer,Friday,52.81,124,6547.87,347.87,0.4811
15,21,44.55,179.77,3200.29,55,,Summer,Monday,51.86,122,6326.58,226.58,0.8982
15,22,44.55,224.33,3548.9,445,,Fall,Friday,46.87,139,6515.27,-434.73,-1.4496
15,23,44.55,130.36,121.38,160,,Summer,Thursday,45.97,108,4964.66,-435.34,11.5714
15,24,44.55,135.37,918.07,343,,Winter,Saturday,42.23,131,5532.38,-1017.62,-2.6196
15,25,44.55,31.26,3593.93,126,,Fall,Friday,35.96,101,3632.38,-1417.62,1.543
15,26,44.55,114.62,3365.29,398,Discount,Winter,Monday,37.91,156,5914.19,-1885.81,10.0572
15,27,44.55,135.49,4833.63,196,,Spring,Friday,49.08,121,5938.29,-111.71,-0.7618
15,28,44.55,64.41,3829.09,116,,Summer,Wednesday,44.04,115,5064.56,-685.44,0.4831
15,29,44.55,70.96,4758.79,441,Discount,Spring,Tuesday,38.31,151,5784.4,-1765.6,-2.405
15,30,44.55,97.43,3542.45,57,Discount,Winter,Wednesday,40.34,136,5486.35,-1313.65,-1.8713
15,31,44.55,9.92,1560.46,171,,Spring,Sunday,52.53,106,5567.82,267.82,-0.7303
15,32,44.55,83.91,616.29,389,,Spring,Tuesday,42.18,124,5230.22,-969.78,-0.862
15,33,44.55,56.8,3930.94,224,,Winter,Sunday,51.81,118,6113.71,213.71,-0.2119
15,34,44.55,85.24,3256.33,437,,Winter,Friday,41.07,132,5420.66,-1179.34,-0.5721
15,35,44.55,34.34,336.11,228,,Summer,Thursday,45.32,123,5573.97,-576.03,-0.6586
15,36,44.55,223.18,1864.25,134,,Spring,Friday,36.0,115,4140.26,-1609.74,0.3164
15,37,44.55,150.43,4788.32,94,,Fall,Monday,44.94,116,5212.64,-587.36,0.035
15,38,44.55,171.38,2551.97,185,Bundle,Fall,Friday,46.99,135,6343.23,-406.77,3.5898
15,39,44.55,198.35,2220.37,392,Bundle,Winter,Tuesday,39.81,153,6091.3,-1558.7,-0.8732
15,40,44.55,127.12,2342.73,65,,Winter,Wednesday,45.95,112,5146.77,-453.23,-1.7373
16,1,44.85,26.3,1123.53,382,,Spring,Thursday,47.49,119,5650.94,-299.06,-1.5
16,2,44.85,136.59,1906.67,244,,Winter,Sunday,48.2,117,5639.32,-210.68,-1.1201
16,3,44.85,148.78,1912.08,58,Discount,Fall,Friday,49.81,136,6773.51,-26.49,4.8743
16,4,44.85,187.63,356.54,365,,Summer,Friday,41.46,138,5721.83,-1178.17,-0.0878
16,5,44.85,110.76,3861.08,383,,Summer,Wednesday,46.06,130,5988.15,-511.85,-0.5225
16,6,44.85,36.26,2140.87,382,,Spring,Thursday,53.49,130,6953.15,453.15,0.0
16,7,44.85,74.53,4128.68,376,,Summer,Saturday,51.99,129,6706.59,256.59,0.2749
16,8,44.85,93.96,4266.71,64,,Winter,Sunday,52.97,113,5985.28,335.28,-6.593
16,9,44.85,163.25,1138.77,376,Discount,Winter,Friday,42.8,166,7105.51,-1194.49,-2.4445
16,10,44.85,144.84,3321.03,151,,Winter,Friday,49.99,132,6599.21,-0.79,-1.2194
16,11,44.85,92.24,2414.18,275,,Winter,Saturday,47.0,118,5545.73,-354.27,1.7696
16,12,44.85,246.7,4412.77,474,,Spring,Sunday,37.36,142,5305.35,-1794.65,-0.992
16,13,44.85,153.41,1157.13,327,,Summer,Tuesday,50.66,131,6636.28,86.28,-0.2177
16,14,44.85,63.12,3421.28,457,Discount,Fall,Tuesday,48.02,146,7011.48,-288.52,-2.2015
16,15,44.85,29.94,3077.99,162,Bundle,Summer,Monday,39.45,136,5364.63,-1435.37,0.3835
16,16,44.85,42.45,1546.98,477,Bundle,Winter,Wednesday,37.31,141,5260.41,-1789.59,-0.6783
16,17,44.85,65.26,769.34,50,Discount,Fall,Thursday,50.89,134,6819.61,119.61,-0.1363
16,18,44.85,44.37,3293.03,315,,Spring,Friday,37.29,124,4624.32,-1575.68,0.2793
16,19,44.85,50.71,3719.13,257,,Winter,Sunday,37.52,127,4764.56,-1585.44,4.0392
16,20,44.85,74.85,1646.57,159,,Winter,Friday,43.54,112,4877.0,-723.0,-0.735
16,21,44.85,47.48,3259.68,249,Bundle,Fall,Monday,38.3,128,4901.84,-1498.16,-1.1851
16,22,44.85,224.71,2036.14,489,,Spring,Sunday,52.27,145,7578.8,328.8,0.364
16,23,44.85,24.66,3594.71,418,,Fall,Sunday,44.31,124,5494.91,-705.09,0.9517
16,24,44.85,133.51,1076.15,355,Discount,Spring,Friday,46.09,150,6913.1,-586.9,5.239
16,25,44.85,105.55,4462.05,61,,Winter,Wednesday,52.53,113,5935.5,285.5,-1.7655
16,26,44.85,245.68,1508.31,394,,Summer,Monday,45.39,141,6399.95,-650.05,-1.8237
16,27,44.85,32.45,1902.15,237,,Winter,Wednesday,42.22,116,4897.57,-902.43,2.5393
16,28,44.85,102.47,384.65,203,,Summer,Monday,50.18,116,5820.58,20.58,0.0
16,29,44.85,242.52,646.41,417,,Summer,Friday,43.82,138,6047.39,-852.61,-1.4973
16,30,44.85,217.05,2627.72,383,Discount,Spring,Monday,41.59,167,6945.6,-1404.4,-4.1273
16,31,44.85,205.18,1411.2,474,,Fall,Tuesday,48.85,134,6546.08,-153.92,-1.1319
16,32,44.85,68.19,4193.85,469,Bundle,Spring,Sunday,50.26,149,7488.34,38.34,3.8894
16,33,44.85,46.87,172.0,426,,Winter,Thursday,50.08,128,6410.22,10.22,39.9269
16,34,44.85,168.82,1957.56,328,,Fall,Friday,53.42,126,6730.38,430.38,-0.2346
16,35,44.85,232.7,1752.99,220,Discount,Summer,Saturday,49.99,154,7698.35,-1.65,-3.4643
16,36,44.85,141.41,194.71,183,,Summer,Thursday,49.69,116,5763.94,-36.06,41.0923
16,37,44.85,145.05,709.41,476,,Winter,Friday,51.26,133,6817.54,167.54,4.6366
16,38,44.85,73.59,2126.85,74,Discount,Fall,Thursday,35.88,140,5023.31,-1976.69,-0.1754
16,39,44.85,193.53,2515.04,67,,Winter,Tuesday,42.38,126,5339.76,-960.24,-0.5522
16,40,44.85,50.83,2081.02,239,,Winter,Thursday,49.11,115,5647.55,-102.45,-0.5497
17,1,67.81,84.3,2701.59,190,,Spring,Monday,70.51,110,7756.17,2256.17,-1.5
17,2,67.81,109.23,3016.15,92,,Winter,Thursday,59.06,109,6437.65,987.65,0.056
17,3,67.81,129.36,148.63,383,,Fall,Friday,62.48,113,7060.56,1410.56,0.6334
17,4,67.81,64.39,2374.07,333,,Winter,Saturday,63.38,122,7732.29,1632.29,5.5501
17,5,67.81,33.14,4821.15,195,Discount,Fall,Saturday,69.65,140,9750.4,2750.4,1.4923
17,6,67.81,154.6,2643.26,364,Bundle,Summer,Wednesday,76.8,154,11827.16,4127.16,0.9735
17,7,67.81,75.71,3419.96,493,,Winter,Sunday,79.54,131,10419.25,3869.25,-4.1916
17,8,67.81,147.4,1628.13,368,,Fall,Thursday,74.59,119,8876.11,2926.11,1.4727
17,9,67.81,42.82,3892.56,490,,Summer,Saturday,77.11,121,9330.03,3280.03,0.4977
17,10,67.81,122.88,3887.32,141,,Fall,Thursday,66.99,116,7771.41,1971.41,0.3151
17,11,67.81,135.48,2654.35,228,,Summer,Sunday,64.82,126,8166.87,1866.87,-2.6511
17,12,67.81,17.7,4882.47,105,Discount,Spring,Saturday,64.9,128,8306.69,1906.69,12.9322
17,13,67.81,87.47,715.2,204,Discount,Winter,Sunday,70.95,137,9720.6,2870.6,0.7533
17,14,67.81,37.93,183.04,209,,Winter,Thursday,57.61,115,6625.66,875.66,0.8542
17,15,67.81,20.53,3873.78,160,,Summer,Friday,69.96,107,7485.94,2135.94,-0.3246
17,16,67.81,247.54,4055.06,186,,Spring,Thursday,72.28,126,9107.89,2807.89,5.3485
17,17,67.81,83.98,689.02,281,,Fall,Sunday,66.15,107,7077.95,1727.95,1.7765
17,18,67.81,203.42,1401.36,269,,Spring,Friday,80.1,134,10733.0,4033.0,1.1967
17,19,67.81,67.39,186.01,117,Bundle,Fall,Friday,70.74,113,7993.74,2343.74,1.3417
17,20,67.81,171.97,1537.21,351,,Fall,Wednesday,60.21,128,7707.1,1307.1,-0.8918
17,21,67.81,191.26,3888.4,298,Discount,Winter,Saturday,67.24,149,10019.11,2569.11,1.4051
17,22,67.81,150.93,2638.01,372,,Summer,Monday,72.56,130,9433.24,2933.24,-1.6114
17,23,67.81,120.54,1805.67,459,,Winter,Friday,63.02,136,8571.05,1771.05,-0.351
17,24,67.81,105.9,1921.52,441,,Winter,Sunday,56.4,137,7727.47,877.47,-0.07
17,25,67.81,90.47,106.63,55,,Winter,Saturday,70.07,110,7707.59,2207.59,-0.8135
17,26,67.81,232.73,1569.02,329,,Fall,Tuesday,79.95,125,9994.17,3744.17,0.9667
17,27,67.81,208.5,3267.65,481,,Winter,Thursday,67.4,137,9233.96,2383.96,-0.6115
17,28,67.81,241.43,4873.55,143,Discount,Fall,Sunday,78.82,138,10877.25,3977.25,0.0431
17,29,67.81,35.45,4250.6,478,,Summer,Tuesday,76.89,135,10380.51,3630.51,0.8887
17,30,67.81,184.06,215.62,318,,Fall,Sunday,58.24,123,7163.89,1013.89,0.3665
17,31,67.81,234.89,4502.95,246,Discount,Fall,Thursday,73.45,150,11017.81,3517.81,0.8406
17,32,67.81,49.4,3937.67,74,Discount,Spring,Wednesday,66.06,136,8983.57,2183.57,0.9269
17,33,67.81,21.29,3923.84,197,Discount,Winter,Sunday,61.03,140,8544.49,1544.49,-0.3867
17,34,67.81,186.57,2344.18,167,,Winter,Friday,72.88,121,8818.03,2768.03,-0.6993
17,35,67.81,145.75,2050.23,387,Bundle,Winter,Monday,74.39,147,10934.97,3584.97,10.3613
17,36,67.81,211.25,1584.29,416,,Winter,Friday,59.12,134,7922.62,1222.62,0.431
17,37,67.81,39.24,421.9,387,,Spring,Thursday,79.05,107,8458.0,3108.0,-0.598
17,38,67.81,199.84,1218.35,115,,Spring,Sunday,74.62,123,9177.98,3027.98,-2.6688
17,39,67.81,54.4,1308.36,350,,Spring,Monday,79.56,113,8990.3,3340.3,-1.2274
17,40,67.81,45.1,2471.98,419,,Spring,Friday,62.84,120,7541.35,1541.35,-0.2948
18,1,109.7,45.25,3762.48,224,,Winter,Monday,128.98,104,13414.17,8214.17,-1.5
18,2,109.7,204.57,2421.67,368,,Fall,Thursday,103.93,119,12368.16,6418.16,-0.7427
18,3,109.7,167.97,383.44,125,,Summer,Wednesday,90.13,121,10905.88,4855.88,-0.1266
18,4,109.7,133.15,4793.17,163,,Spring,Wednesday,121.24,109,13215.51,7765.51,-0.2873
18,5,109.7,92.91,4719.35,160,Discount,Fall,Sunday,118.63,125,14829.25,8579.25,-6.8208
18,6,109.7,219.91,3947.43,298,Bundle,Spring,Friday,114.0,130,14820.03,8320.03,-1.0241
18,7,109.7,101.15,4957.51,488,,Winter,Tuesday,109.26,128,13985.31,7585.31,0.37
18,8,109.7,205.07,2767.96,252,Discount,Winter,Thursday,89.17,137,12216.9,5366.9,-0.3825
18,9,109.7,112.59,4817.56,196,,Fall,Friday,115.17,107,12323.32,6973.32,-0.7511
18,10,109.7,97.35,470.46,84,,Fall,Friday,106.05,104,11029.65,5829.65,0.3542
18,11,109.7,118.36,1891.84,358,,Fall,Wednesday,112.35,113,12695.08,7045.08,1.4588
18,12,109.7,78.84,1204.37,75,,Winter,Sunday,106.6,108,11513.04,6113.04,0.8655
18,13,109.7,188.16,1059.58,287,Bundle,Winter,Monday,130.15,126,16399.52,10099.52,0.7544
18,14,109.7,128.17,789.93,63,,Summer,Thursday,114.27,116,13255.57,7455.57,0.6504
18,15,109.7,61.89,3149.83,423,,Fall,Monday,120.64,117,14114.95,8264.95,0.1547
18,16,109.7,225.4,3928.48,94,,Summer,Saturday,128.85,117,15075.6,9225.6,0.0
18,17,109.7,99.05,2933.66,477,,Spring,Saturday,113.72,118,13419.34,7519.34,-0.0728
18,18,109.7,138.17,820.12,265,Discount,Summer,Thursday,88.29,142,12537.51,5437.51,-0.9095
18,19,109.7,227.09,4074.51,282,Discount,Spring,Sunday,89.27,150,13390.16,5890.16,5.0994
18,20,109.7,157.94,3216.18,242,,Spring,Tuesday,118.58,119,14111.33,8161.33,-0.6293
18,21,109.7,33.64,2002.01,100,Discount,Summer,Saturday,100.01,122,12201.18,6101.18,-0.161
18,22,109.7,235.26,3403.24,476,,Fall,Wednesday,113.19,129,14601.13,8151.13,0.4355
18,23,109.7,158.79,1373.53,424,Bundle,Spring,Tuesday,96.64,143,13819.41,6669.41,-0.7423
18,24,109.7,87.05,1791.44,263,,Fall,Friday,99.62,112,11157.65,5557.65,-7.0238
18,25,109.7,39.12,4595.68,200,,Winter,Saturday,109.91,110,12089.81,6589.81,-0.173
18,26,109.7,199.54,1523.47,489,,Spring,Wednesday,130.57,119,15538.12,9588.12,0.4352
18,27,109.7,156.92,2402.94,324,,Winter,Friday,114.81,126,14465.54,8165.54,-0.4872
18,28,109.7,135.7,4461.69,387,,Summer,Tuesday,128.84,123,15847.63,9697.63,-0.1947
18,29,109.7,224.0,3567.83,125,,Fall,Thursday,129.86,102,13245.92,8145.92,-21.578
18,30,109.7,198.21,404.8,488,,Summer,Friday,96.9,135,13080.85,6330.85,-1.2744
18,31,109.7,42.16,821.78,269,Discount,Spring,Monday,101.42,122,12373.07,6273.07,-2.0627
18,32,109.7,81.37,138.42,397,,Winter,Thursday,121.55,118,14343.06,8443.06,-0.1652
18,33,109.7,65.88,3191.52,493,,Spring,Thursday,125.8,117,14718.35,8868.35,-0.2426
18,34,109.7,187.27,2293.6,236,,Summer,Tuesday,110.55,114,12602.41,6902.41,0.2115
18,35,109.7,13.22,757.95,338,Discount,Fall,Tuesday,131.35,123,16155.71,10005.71,0.4196
18,36,109.7,144.62,4793.88,452,,Fall,Wednesday,88.27,121,10680.76,4630.76,0.0496
18,37,109.7,191.8,2695.33,77,Bundle,Spring,Wednesday,100.91,122,12310.97,6210.97,0.0577
18,38,109.7,219.81,1285.28,428,Discount,Spring,Monday,115.11,140,16115.15,9115.15,1.0486
18,39,109.7,88.81,2552.96,229,,Winter,Thursday,108.36,103,11160.68,6010.68,4.5055
18,40,109.7,206.21,3430.14,302,,Summer,Sunday,92.88,128,11888.6,5488.6,-1.6994
19,1,92.07,32.1,473.57,175,,Spring,Monday,87.2,101,8807.24,3757.24,-1.5
19,2,92.07,212.38,1446.05,226,,Winter,Monday,74.59,130,9697.06,3197.06,-1.9859
19,3,92.07,36.23,4054.13,86,Discount,Spring,Sunday,97.33,121,11776.52,5726.52,-0.2272
19,4,92.07,102.34,2352.36,459,Bundle,Fall,Sunday,106.53,130,13849.34,7349.34,0.7863
19,5,92.07,200.34,2778.23,148,,Winter,Sunday,106.24,114,12111.77,6411.77,45.248
19,6,92.07,41.73,2220.8,147,,Winter,Tuesday,99.42,104,10339.51,5139.51,1.3655
19,7,92.07,61.17,315.11,176,Discount,Spring,Monday,90.81,130,11805.16,5305.16,-2.8869
19,8,92.07,181.95,912.17,217,,Summer,Monday,92.51,119,11009.01,5059.01,-4.5101
19,9,92.07,181.41,2283.15,129,,Fall,Friday,78.7,115,9050.28,3300.28,0.2251
19,10,92.07,162.08,1125.01,343,,Summer,Sunday,86.21,139,11983.82,5033.82,2.1851
19,11,92.07,175.02,344.9,382,,Winter,Sunday,80.57,124,9990.59,3790.59,1.648
19,12,92.07,137.97,4233.88,175,Discount,Summer,Wednesday,103.9,143,14857.51,7707.51,0.5292
19,13,92.07,66.69,4907.84,392,,Winter,Wednesday,107.34,119,12773.94,6823.94,-5.0611
19,14,92.07,89.7,3986.4,359,,Summer,Thursday,93.43,128,11958.96,5558.96,-0.5834
19,15,92.07,49.49,4283.55,199,Bundle,Spring,Wednesday,100.46,122,12255.83,6155.83,-0.6231
19,16,92.07,227.57,1285.69,65,,Summer,Saturday,78.13,116,9062.96,3262.96,0.2213
19,17,92.07,147.93,4807.07,77,Discount,Winter,Thursday,96.07,130,12488.66,5988.66,0.5257
19,18,92.07,103.21,1064.94,468,,Fall,Sunday,99.54,122,12143.62,6043.62,-1.7031
19,19,92.07,118.19,4762.01,493,,Fall,Friday,90.33,119,10749.28,4799.28,0.2658
19,20,92.07,237.08,4974.61,222,Bundle,Fall,Wednesday,82.61,143,11813.93,4663.93,-2.3613
19,21,92.07,42.57,3587.44,95,,Winter,Friday,105.97,105,11126.58,5876.58,-0.9401
19,22,92.07,148.63,4907.6,377,,Summer,Wednesday,101.02,128,12929.97,6529.97,-4.6873
19,23,92.07,128.94,2890.74,285,,Fall,Wednesday,106.8,105,11213.52,5963.52,-3.1403
19,24,92.07,154.81,1371.75,488,,Fall,Friday,103.8,127,13182.04,6832.04,-7.4592
19,25,92.07,9.44,2241.28,263,,Fall,Monday,110.13,108,11893.93,6493.93,-2.4519
19,26,92.07,218.67,3008.45,134,Discount,Spring,Monday,80.73,141,11383.35,4333.35,-1.1447
19,27,92.07,233.37,458.1,331,Bundle,Winter,Monday,76.85,142,10912.75,3812.75,-0.1475
19,28,92.07,143.46,3149.48,281,Bundle,Winter,Saturday,86.07,137,11791.14,4941.14,-0.2936
19,29,92.07,175.68,4907.77,134,,Winter,Monday,78.41,121,9487.2,3437.2,1.3122
19,30,92.07,231.01,1031.53,458,,Winter,Wednesday,92.92,133,12358.54,5708.54,0.5357
19,31,92.07,178.27,3983.72,114,,Winter,Sunday,96.97,119,11539.28,5589.28,-2.4167
19,32,92.07,42.37,4548.7,183,Discount,Spring,Tuesday,94.95,140,13293.39,6293.39,-8.4883
19,33,92.07,146.19,4724.14,200,,Summer,Friday,83.2,123,10233.96,4083.96,0.9813
19,34,92.07,153.65,4804.66,164,,Spring,Sunday,107.13,110,11783.82,6283.82,-0.3676
19,35,92.07,108.91,2655.15,113,Discount,Fall,Tuesday,74.44,134,9974.34,3274.34,-0.715
19,36,92.07,185.43,4888.81,392,,Spring,Sunday,86.47,134,11587.28,4887.28,0.0
19,37,92.07,233.92,3810.82,476,,Winter,Saturday,100.13,138,13818.57,6918.57,0.1889
19,38,92.07,231.76,892.19,412,Bundle,Spring,Tuesday,101.9,146,14877.39,7577.39,3.2882
19,39,92.07,115.46,2436.81,456,Bundle,Winter,Thursday,88.98,146,12991.14,5691.14,-0.0
19,40,92.07,32.74,3619.82,401,,Spring,Monday,74.28,114,8467.74,2767.74,1.3265
20,1,65.33,246.29,1311.97,207,,Winter,Saturday,68.42,130,8894.39,2394.39,-1.5
20,2,65.33,210.53,3239.01,126,Bundle,Fall,Sunday,53.92,127,6847.3,497.3,0.1089
20,3,65.33,35.54,3366.34,195,,Winter,Wednesday,55.09,111,6114.49,564.49,-5.8068
20,4,65.33,230.61,897.23,392,,Spring,Monday,69.26,138,9557.89,2657.89,0.9453
20,5,65.33,218.12,2868.92,274,,Fall,Monday,60.43,130,7856.32,1356.32,0.4549
20,6,65.33,132.12,3880.97,454,,Spring,Tuesday,61.36,130,7977.07,1477.07,0.0
20,7,65.33,149.86,2544.59,362,,Fall,Thursday,64.99,132,8578.52,1978.52,0.2603
20,8,65.33,102.76,159.31,152,,Summer,Monday,77.84,107,8328.93,2978.93,-0.9577
20,9,65.33,18.42,144.29,456,,Summer,Sunday,77.5,121,9377.15,3327.15,-29.6677
20,10,65.33,87.12,1849.44,396,,Summer,Sunday,63.15,130,8208.87,1708.87,-0.4016
20,11,65.33,201.7,4638.35,350,Bundle,Spring,Friday,59.21,133,7874.3,1224.3,-0.3699
20,12,65.33,6.13,1220.52,477,Discount,Spring,Friday,60.17,145,8725.32,1475.32,5.5106
20,13,65.33,86.71,3208.38,137,Discount,Fall,Monday,59.29,128,7589.25,1189.25,7.9844
20,14,65.33,102.55,1188.17,420,,Fall,Tuesday,66.18,116,7676.44,1876.44,-0.8073
20,15,65.33,136.66,1676.18,352,,Fall,Tuesday,68.13,120,8175.14,2175.14,1.1703
20,16,65.33,230.36,4255.41,217,,Fall,Wednesday,65.04,114,7414.59,1714.59,1.1038
20,17,65.33,89.85,3671.42,484,Bundle,Winter,Saturday,62.93,143,8998.86,1848.86,-7.837
20,18,65.33,90.0,567.46,219,,Summer,Saturday,57.79,110,6356.73,856.73,2.8249
20,19,65.33,185.69,2200.64,184,,Winter,Saturday,64.88,124,8044.67,1844.67,1.0377
20,20,65.33,115.79,242.93,99,Discount,Winter,Thursday,61.18,138,8442.98,1542.98,-1.9822
20,21,65.33,60.03,2456.36,481,,Winter,Tuesday,66.42,126,8368.99,2068.99,-1.0154
20,22,65.33,115.85,3345.93,389,,Winter,Wednesday,69.91,133,9298.27,2648.27,1.0569
20,23,65.33,39.51,680.66,396,Bundle,Summer,Friday,68.82,136,9359.17,2559.17,-1.4409
20,24,65.33,48.21,1515.54,183,Discount,Winter,Sunday,64.35,137,8816.4,1966.4,-0.1133
20,25,65.33,127.1,2049.4,396,,Fall,Saturday,66.8,118,7882.21,1982.21,-3.6501
20,26,65.33,107.64,4605.7,186,Bundle,Spring,Friday,59.71,120,7165.33,1165.33,-0.1597
20,27,65.33,229.14,4966.95,294,,Fall,Friday,52.9,129,6824.14,374.14,-0.6575
20,28,65.33,93.79,320.07,158,Discount,Spring,Monday,68.6,133,9123.9,2473.9,0.1045
20,29,65.33,147.24,3828.94,362,,Fall,Thursday,58.87,133,7829.35,1179.35,-0.0
20,30,65.33,159.9,1921.45,336,,Fall,Wednesday,69.75,125,8718.61,2468.61,-0.3254
20,31,65.33,8.21,2023.05,70,,Spring,Thursday,71.79,97,6963.51,2113.51,-7.6593
20,32,65.33,167.57,3795.9,139,Discount,Summer,Monday,76.2,146,11125.66,3825.66,8.215
20,33,65.33,48.62,4600.29,345,,Winter,Wednesday,77.31,124,9585.93,3385.93,-10.4132
20,34,65.33,240.46,4759.55,161,,Fall,Wednesday,52.54,126,6620.28,320.28,-0.0504
20,35,65.33,41.42,2927.9,350,,Summer,Tuesday,78.15,129,10081.18,3631.18,0.0489
20,36,65.33,106.58,1849.89,126,Discount,Winter,Thursday,70.12,134,9395.6,2695.6,-0.3771
20,37,65.33,25.91,3958.99,226,,Summer,Thursday,69.08,120,8290.12,2290.12,7.0976
20,38,65.33,249.23,1329.91,392,,Summer,Tuesday,52.66,140,7373.02,373.02,-0.7012
20,39,65.33,128.04,2863.96,197,,Winter,Friday,74.77,119,8898.08,2948.08,-0.3573
20,40,65.33,150.87,1857.03,150,,Fall,Monday,56.07,111,6223.66,673.66,0.2687
21,1,126.25,21.43,3317.49,295,,Summer,Thursday,143.29,105,15045.19,9795.19,-1.5
21,2,126.25,188.74,1277.95,166,,Fall,Tuesday,101.79,111,11298.42,5748.42,-0.1973
21,3,126.25,56.43,1038.81,141,,Fall,Sunday,133.62,96,12827.84,8027.84,-0.4321
21,4,126.25,225.02,4599.37,450,,Fall,Wednesday,122.96,126,15492.89,9192.89,-3.9158
21,5,126.25,55.26,598.84,77,Discount,Winter,Saturday,111.14,112,12447.74,6847.74,1.156
21,6,126.25,51.72,2579.19,474,,Spring,Sunday,106.43,117,12452.73,6602.73,-1.0541
21,7,126.25,13.95,1182.18,499,,Fall,Tuesday,123.23,117,14417.73,8567.73,0.0
21,8,126.25,120.66,290.76,74,Bundle,Spring,Saturday,107.23,116,12438.53,6638.53,0.0658
21,9,126.25,143.39,276.49,107,,Spring,Friday,125.57,109,13686.87,8236.87,-0.3528
21,10,126.25,21.1,958.59,346,Bundle,Summer,Monday,132.58,123,16306.8,10156.8,2.3014
21,11,126.25,195.0,4347.17,183,,Fall,Saturday,142.79,99,14135.74,9185.74,-2.5337
21,12,126.25,116.06,1484.15,380,,Fall,Friday,135.27,108,14609.59,9209.59,-1.7281
21,13,126.25,133.48,4757.25,298,,Fall,Saturday,104.29,111,11576.67,6026.67,-0.1213
21,14,126.25,112.99,2949.95,87,Bundle,Spring,Wednesday,116.53,116,13517.16,7717.16,0.384
21,15,126.25,103.19,2239.41,439,,Winter,Wednesday,115.54,116,13403.2,7603.2,-0.0
21,16,126.25,142.11,2942.44,478,,Spring,Wednesday,147.21,119,17518.17,11568.17,0.0944
21,17,126.25,43.03,2631.82,124,Bundle,Fall,Wednesday,144.83,104,15061.84,9861.84,7.7765
21,18,126.25,49.57,3818.0,191,,Fall,Tuesday,119.69,105,12567.91,7317.91,-0.0554
21,19,126.25,216.14,1484.23,371,,Fall,Wednesday,104.6,116,12133.02,6333.02,-0.8305
21,20,126.25,236.8,1829.95,217,,Spring,Sunday,146.15,114,16661.65,10961.65,-0.0434
21,21,126.25,96.46,4481.06,308,Discount,Fall,Wednesday,145.86,132,19252.99,12652.99,-77.2243
21,22,126.25,71.33,4737.64,422,,Summer,Sunday,144.17,121,17444.21,11394.21,7.1966
21,23,126.25,162.78,4473.54,404,,Fall,Tuesday,143.68,113,16235.72,10585.72,19.5296
21,24,126.25,105.14,2155.3,274,,Winter,Wednesday,125.25,113,14153.8,8503.8,-0.0
21,25,126.25,11.22,3923.79,201,,Summer,Friday,109.96,108,11875.91,6475.91,0.3624
21,26,126.25,43.26,2434.05,68,Bundle,Fall,Friday,125.12,98,12261.29,7361.29,-0.6719
21,27,126.25,180.41,2537.95,195,Bundle,Summer,Thursday,125.98,129,16251.32,9801.32,45.8041
21,28,126.25,166.44,1102.93,497,Discount,Fall,Friday,125.74,146,18358.56,11058.56,-70.4553
21,29,126.25,11.64,2996.54,290,Discount,Winter,Monday,128.21,131,16795.52,10245.52,-5.2377
21,30,126.25,59.38,1012.07,421,,Fall,Monday,114.01,111,12655.5,7105.5,1.3788
21,31,126.25,61.61,1724.67,430,,Summer,Monday,119.5,121,14459.15,8409.15,1.8731
21,32,126.25,169.61,4289.65,393,Discount,Winter,Tuesday,122.93,159,19545.62,11595.62,10.937
21,33,126.25,9.83,1114.67,286,,Spring,Friday,107.62,101,10869.96,5819.96,2.9299
21,34,126.25,30.51,448.68,84,,Winter,Sunday,124.0,97,12027.8,7177.8,-0.2603
21,35,126.25,200.98,438.14,239,Discount,Winter,Monday,141.93,145,20580.0,13330.0,3.4216
21,36,126.25,48.74,4709.84,50,,Winter,Thursday,142.82,86,12282.46,7982.46,-65.0128
21,37,126.25,164.92,2583.91,202,Discount,Summer,Tuesday,121.79,142,17293.6,10193.6,-4.4215
21,38,126.25,63.35,2106.12,478,,Winter,Thursday,127.2,110,13992.21,8492.21,-5.0674
21,39,126.25,29.36,4073.31,482,,Fall,Friday,102.7,126,12940.33,6640.33,-0.7552
21,40,126.25,64.58,4195.55,175,,Winter,Wednesday,135.06,106,14316.47,9016.47,-0.5038
22,1,36.5,181.96,1727.74,394,,Winter,Thursday,35.11,140,4915.53,-2084.47,-1.5
22,2,36.5,214.65,3498.73,449,Discount,Fall,Wednesday,35.71,154,5498.99,-2201.01,5.8833
22,3,36.5,208.4,3878.5,275,,Fall,Tuesday,41.96,126,5286.96,-1013.04,-1.0384
22,4,36.5,102.31,3307.79,270,,Spring,Thursday,35.95,121,4349.53,-1700.47,0.2769
22,5,36.5,168.68,842.82,452,,Winter,Thursday,29.51,149,4397.36,-3052.64,-1.2928
22,6,36.5,55.22,4391.83,456,,Summer,Saturday,32.52,138,4488.42,-2411.58,-0.7233
22,7,36.5,76.82,2741.56,260,,Winter,Tuesday,36.15,115,4157.0,-1593.0,-1.4962
22,8,36.5,224.6,1484.11,74,Bundle,Winter,Tuesday,35.4,142,5026.79,-2073.21,-11.3468
22,9,36.5,8.19,2183.62,65,,Fall,Monday,41.77,94,3925.98,-774.02,-1.8797
22,10,36.5,25.95,284.1,231,Discount,Spring,Friday,37.12,130,4825.48,-1674.52,-3.4423
22,11,36.5,55.93,726.55,378,Discount,Winter,Thursday,39.27,153,6008.74,-1641.26,3.0493
22,12,36.5,11.5,3851.18,178,,Summer,Thursday,36.06,120,4326.71,-1673.29,2.6332
22,13,36.5,49.45,100.06,91,,Winter,Sunday,35.62,113,4025.37,-1624.63,4.8553
22,14,36.5,147.85,2141.17,452,Discount,Summer,Tuesday,35.72,175,6250.92,-2499.08,201.8678
22,15,36.5,108.25,2660.3,467,,Fall,Tuesday,35.2,132,4646.82,-1953.18,16.9966
22,16,36.5,223.7,367.71,385,,Spring,Friday,37.07,137,5078.21,-1771.79,0.7153
22,17,36.5,205.27,4868.08,285,,Winter,Tuesday,32.86,130,4271.79,-2228.21,0.4502
22,18,36.5,88.75,1208.01,409,Bundle,Spring,Wednesday,42.21,146,6163.22,-1136.78,0.4324
22,19,36.5,68.56,1590.57,488,Bundle,Winter,Wednesday,34.07,141,4803.39,-2246.61,0.1774
22,20,36.5,98.02,1589.32,451,Discount,Summer,Saturday,31.36,172,5393.43,-3206.57,-2.7643
22,21,36.5,149.62,1229.04,83,,Spring,Wednesday,30.61,121,3704.16,-2345.84,12.4921
22,22,36.5,70.68,107.22,394,,Winter,Wednesday,29.4,142,4174.67,-2925.33,-4.3772
22,23,36.5,157.92,3673.79,430,,Fall,Friday,35.38,135,4775.95,-1974.05,-0.2424
22,24,36.5,105.31,4837.54,94,,Summer,Thursday,31.94,126,4024.75,-2275.25,0.6866
22,25,36.5,140.25,1199.04,183,,Spring,Wednesday,29.52,120,3542.3,-2457.7,0.6277
22,26,36.5,111.85,3348.93,70,Bundle,Winter,Saturday,36.8,132,4857.09,-1742.91,0.4057
22,27,36.5,77.14,3735.29,171,Bundle,Spring,Tuesday,39.13,126,4930.61,-1369.39,-0.7161
22,28,36.5,237.37,4257.28,119,,Winter,Wednesday,30.46,123,3745.99,-2404.01,0.1074
22,29,36.5,192.08,2170.88,401,,Summer,Saturday,35.93,142,5102.52,-1997.48,0.8588
22,30,36.5,39.33,1584.36,410,,Fall,Friday,40.06,120,4807.34,-1192.66,-1.3486
22,31,36.5,217.77,1693.95,97,,Summer,Sunday,43.6,121,5275.28,-774.72,0.0944
22,32,36.5,124.42,3591.84,88,Discount,Spring,Sunday,38.95,136,5296.53,-1503.47,-1.1617
22,33,36.5,224.17,4102.22,336,Discount,Spring,Sunday,32.78,162,5310.05,-2789.95,-1.2073
22,34,36.5,200.96,989.91,59,,Winter,Tuesday,39.67,116,4601.24,-1198.76,-1.3513
22,35,36.5,109.18,1917.61,79,,Summer,Saturday,37.93,120,4552.05,-1447.95,-0.7897
22,36,36.5,10.5,4519.51,293,,Winter,Wednesday,32.3,116,3746.3,-2053.7,0.2243
22,37,36.5,70.83,4052.8,323,,Summer,Thursday,41.63,129,5370.35,-1079.65,0.3877
22,38,36.5,137.7,4925.81,493,,Spring,Tuesday,35.44,132,4678.59,-1921.41,-0.1565
22,39,36.5,160.2,3795.82,137,,Winter,Tuesday,43.25,117,5060.18,-789.82,-0.516
22,40,36.5,68.18,2026.66,293,,Winter,Sunday,39.76,112,4452.96,-1147.04,0.5295
23,1,65.51,39.14,2994.13,430,Discount,Summer,Thursday,69.3,150,10394.32,2894.32,-1.5
23,2,65.51,209.56,3338.97,378,,Fall,Sunday,71.49,136,9722.78,2922.78,-2.9458
23,3,65.51,246.18,484.43,64,,Summer,Tuesday,64.93,129,8376.43,1926.43,0.5611
23,4,65.51,133.79,2768.04,53,,Fall,Wednesday,65.64,108,7089.6,1689.6,-14.8699
23,5,65.51,47.06,3575.67,240,,Summer,Sunday,74.71,106,7919.28,2619.28,-0.1341
23,6,65.51,71.72,919.87,217,,Spring,Sunday,70.25,115,8078.56,2328.56,-1.4217
23,7,65.51,9.51,3925.1,58,,Winter,Sunday,75.92,103,7819.39,2669.39,-1.2932
23,8,65.51,229.0,2960.49,158,,Summer,Tuesday,75.75,124,9392.79,3192.79,-92.0585
23,9,65.51,33.85,4765.89,186,,Spring,Wednesday,77.99,114,8891.2,3191.2,-2.7215
23,10,65.51,146.25,307.87,203,Discount,Summer,Thursday,70.75,148,10471.55,3071.55,-3.2132
23,11,65.51,72.14,1400.1,437,,Winter,Monday,65.57,136,8917.22,2117.22,1.1062
23,12,65.51,140.77,3047.61,258,Discount,Summer,Thursday,56.76,145,8230.76,980.76,-0.4929
23,13,65.51,164.6,1553.14,321,,Fall,Wednesday,70.89,114,8081.35,2381.35,-0.8592
23,14,65.51,208.29,3600.68,192,,Winter,Friday,60.05,121,7265.59,1215.59,-0.4014
23,15,65.51,55.57,3819.13,148,,Fall,Sunday,59.82,105,6281.11,1031.11,35.1116
23,16,65.51,7.69,602.33,426,,Spring,Thursday,58.65,126,7389.88,1089.88,-10.2237
23,17,65.51,38.54,2617.89,357,Bundle,Spring,Friday,75.34,128,9643.11,3243.11,0.0558
23,18,65.51,225.5,2593.56,118,Discount,Summer,Friday,75.15,146,10971.79,3671.79,-56.4873
23,19,65.51,219.1,1909.48,296,Bundle,Fall,Wednesday,68.94,142,9789.38,2689.38,0.3315
23,20,65.51,151.37,4671.33,310,Bundle,Fall,Wednesday,64.8,141,9136.73,2086.73,0.1173
23,21,65.51,152.13,4154.78,325,,Winter,Sunday,70.02,117,8192.04,2342.04,-2.1138
23,22,65.51,167.93,3516.33,128,,Fall,Monday,68.32,118,8061.43,2161.43,-0.352
23,23,65.51,47.97,3600.2,195,,Fall,Saturday,63.3,105,6646.44,1396.44,1.5
23,24,65.51,229.03,2362.41,160,Bundle,Winter,Tuesday,62.35,140,8729.48,1729.48,-22.3039
23,25,65.51,107.6,4612.87,307,Discount,Winter,Thursday,62.44,157,9802.51,1952.51,91.3421
23,26,65.51,98.87,3503.52,142,,Fall,Wednesday,67.84,107,7259.21,1909.21,-3.6777
23,27,65.51,132.13,3672.01,62,Discount,Summer,Thursday,69.38,132,9157.75,2557.75,10.3345
23,28,65.51,16.51,4322.29,309,,Winter,Saturday,64.24,110,7066.73,1566.73,2.2523
23,29,65.51,45.74,1442.95,475,,Winter,Saturday,77.79,124,9645.79,3445.79,0.6036
23,30,65.51,185.82,4054.65,158,,Fall,Sunday,54.6,117,6388.55,538.55,0.1894
23,31,65.51,25.29,1056.68,379,,Fall,Friday,61.5,114,7010.96,1310.96,-0.203
23,32,65.51,152.77,1792.18,238,Discount,Winter,Sunday,63.39,146,9254.5,1954.5,9.1468
23,33,65.51,65.11,1744.49,144,,Fall,Tuesday,52.85,114,6024.83,324.83,1.3184
23,34,65.51,100.38,4894.77,154,,Winter,Monday,61.97,117,7250.37,1400.37,0.1525
23,35,65.51,75.73,4297.03,57,,Summer,Thursday,59.58,103,6136.53,986.53,3.1013
23,36,65.51,92.14,3535.73,116,,Summer,Tuesday,65.67,119,7814.21,1864.21,1.5203
23,37,65.51,181.17,3662.58,240,,Winter,Monday,61.22,137,8387.27,1537.27,-2.2347
23,38,65.51,77.79,2854.16,415,,Winter,Thursday,71.43,126,9000.7,2700.7,-0.4813
23,39,65.51,143.77,4740.74,305,,Spring,Tuesday,65.77,125,8220.97,1970.97,0.1001
23,40,65.51,121.63,2531.67,58,,Spring,Wednesday,55.81,107,5971.26,621.26,0.9507
24,1,79.61,167.6,1964.54,166,,Fall,Thursday,87.57,110,9632.87,4132.87,-1.5
24,2,79.61,234.52,898.87,316,Discount,Fall,Tuesday,66.85,154,10294.41,2594.41,-1.6902
24,3,79.61,184.48,3952.41,148,,Winter,Saturday,90.41,124,11210.25,5010.25,-0.5528
24,4,79.61,57.66,3698.78,347,,Winter,Monday,93.35,120,11201.61,5201.61,-0.9914
24,5,79.61,12.64,1983.34,446,,Spring,Tuesday,73.95,127,9392.26,3042.26,-0.2808
24,6,79.61,69.25,223.45,213,,Spring,Wednesday,93.18,107,9970.11,4620.11,-0.6058
24,7,79.61,150.79,4211.09,425,,Winter,Sunday,88.94,124,11028.46,4828.46,-3.492
24,8,79.61,17.6,155.95,190,Discount,Summer,Thursday,93.06,125,11632.57,5382.57,0.174
24,9,79.61,126.61,3548.13,317,Bundle,Summer,Thursday,84.9,146,12395.89,5095.89,-1.9166
24,10,79.61,151.23,4854.26,86,Bundle,Fall,Thursday,71.19,130,9254.8,2754.8,0.6785
24,11,79.61,86.89,2244.54,123,,Winter,Wednesday,92.17,100,9217.18,4217.18,-0.783
24,12,79.61,193.87,1251.37,122,,Winter,Monday,69.55,118,8207.45,2307.45,-0.7336
24,13,79.61,31.12,3553.87,357,Discount,Fall,Thursday,70.47,138,9725.08,2825.08,12.8567
24,14,79.61,23.41,4103.93,248,,Spring,Monday,72.32,107,7738.09,2388.09,-8.571
24,15,79.61,183.41,2777.51,179,,Spring,Tuesday,73.38,112,8218.03,2618.03,3.1981
24,16,79.61,126.4,4838.47,295,Discount,Summer,Saturday,80.07,146,11690.2,4390.2,3.3273
24,17,79.61,173.66,353.18,361,,Winter,Saturday,86.41,121,10455.12,4405.12,-2.1639
24,18,79.61,111.53,2573.5,109,,Spring,Monday,93.18,99,9224.89,4274.89,-2.3189
24,19,79.61,65.37,3620.42,328,,Summer,Monday,66.5,128,8512.4,2112.4,-1.0232
24,20,79.61,205.68,4326.94,152,,Summer,Saturday,94.08,123,11571.53,5421.53,-0.0942
24,21,79.61,200.86,978.35,345,,Summer,Thursday,93.03,127,11814.19,5464.19,-2.9073
24,22,79.61,175.2,4020.02,369,,Spring,Friday,65.41,119,7783.38,1833.38,0.2122
24,23,79.61,71.68,2808.26,390,,Spring,Friday,75.16,119,8944.15,2994.15,0.0
24,24,79.61,149.61,2043.11,200,,Winter,Wednesday,89.58,120,10749.64,4749.64,0.0438
24,25,79.61,93.44,745.4,206,,Winter,Sunday,83.16,109,9064.63,3614.63,1.2793
24,26,79.61,27.44,4339.95,255,Discount,Summer,Saturday,88.5,133,11769.98,5119.98,3.4326
24,27,79.61,229.74,870.64,228,,Summer,Saturday,86.58,126,10909.53,4609.53,2.4353
24,28,79.61,38.52,1617.96,246,,Spring,Wednesday,79.51,111,8825.15,3275.15,1.4564
24,29,79.61,237.81,1521.22,272,,Spring,Friday,65.0,118,7669.94,1769.94,-0.3456
24,30,79.61,114.27,4369.93,138,Bundle,Winter,Tuesday,82.29,135,11109.44,4359.44,0.5415
24,31,79.61,50.36,3396.24,336,,Winter,Thursday,65.23,115,7501.86,1751.86,0.7147
24,32,79.61,137.77,4003.74,483,,Fall,Thursday,82.91,124,10281.06,4081.06,0.2888
24,33,79.61,218.87,1327.29,325,,Winter,Tuesday,89.17,134,11949.43,5249.43,1.0676
24,34,79.61,184.4,3161.88,285,Discount,Spring,Tuesday,82.32,149,12264.96,4814.96,-1.4552
24,35,79.61,202.61,2901.56,232,,Summer,Friday,95.44,130,12406.64,5906.64,-0.8
24,36,79.61,166.4,4180.87,258,,Fall,Wednesday,78.2,126,9853.63,3553.63,0.1704
24,37,79.61,174.61,4539.83,179,,Winter,Tuesday,87.53,112,9803.62,4203.62,-0.9314
24,38,79.61,213.05,159.57,202,,Winter,Wednesday,84.93,126,10701.61,4401.61,-4.2101
24,39,79.61,66.17,3402.7,62,Discount,Spring,Sunday,95.26,132,12574.01,5974.01,0.3917
24,40,79.61,124.91,354.0,171,Discount,Fall,Monday,86.4,130,11231.79,4731.79,0.1629
25,1,96.65,59.2,2789.41,408,,Winter,Thursday,83.66,120,10039.71,4039.71,-1.5
25,2,96.65,246.98,1509.4,269,Discount,Summer,Friday,114.26,141,16111.25,9061.25,0.4785
25,3,96.65,236.29,1603.21,155,,Spring,Thursday,103.14,120,12376.77,6376.77,1.5298
25,4,96.65,14.66,1829.5,424,,Fall,Friday,79.62,101,8041.29,2991.29,0.6942
25,5,96.65,177.87,3144.33,119,,Winter,Monday,102.75,119,12226.67,6276.67,0.6135
25,6,96.65,231.69,1736.84,244,,Winter,Thursday,111.47,115,12818.5,7068.5,-0.3961
25,7,96.65,49.24,3690.23,235,Discount,Fall,Monday,99.63,136,13549.93,6749.93,-1.7201
25,8,96.65,144.15,2082.18,148,,Spring,Friday,91.01,113,10284.07,4634.07,1.9542
25,9,96.65,229.29,434.93,131,,Fall,Tuesday,109.06,114,12432.85,6732.85,0.0446
25,10,96.65,13.32,3940.42,124,,Fall,Sunday,107.58,91,9789.38,5239.38,14.822
25,11,96.65,175.87,1500.22,423,,Spring,Thursday,98.36,119,11705.01,5755.01,-3.5923
25,12,96.65,77.85,2220.56,389,,Winter,Monday,83.29,113,9411.82,3761.82,0.3291
25,13,96.65,231.48,3458.68,241,,Summer,Saturday,87.03,134,11661.5,4961.5,4.1435
25,14,96.65,242.91,1729.04,374,Discount,Spring,Thursday,105.87,156,16516.25,8716.25,0.7581
25,15,96.65,236.35,377.27,263,,Summer,Thursday,108.49,128,13886.32,7486.32,-7.2712
25,16,96.65,121.18,1932.21,364,,Winter,Thursday,88.12,125,11014.93,4764.93,0.1248
25,17,96.65,216.2,4727.8,493,Bundle,Fall,Wednesday,91.55,150,13732.41,6232.41,5.1381
25,18,96.65,211.91,3244.5,431,Discount,Summer,Monday,80.32,161,12932.16,4882.16,-0.5981
25,19,96.65,83.18,3390.25,416,,Winter,Monday,104.91,123,12903.44,6753.44,-0.7712
25,20,96.65,208.08,3198.18,367,Discount,Winter,Thursday,77.46,153,11851.53,4201.53,-0.9323
25,21,96.65,14.07,1075.06,193,,Fall,Tuesday,79.12,99,7833.08,2883.08,-16.459
25,22,96.65,151.09,2149.84,433,,Fall,Thursday,77.49,140,10848.68,3848.68,-20.0855
25,23,96.65,61.35,3779.61,265,,Winter,Wednesday,102.27,113,11556.68,5906.68,-0.6031
25,24,96.65,34.54,596.73,410,Bundle,Winter,Friday,93.46,122,11402.04,5302.04,-0.9243
25,25,96.65,23.85,1461.48,373,,Summer,Wednesday,88.83,116,10303.84,4503.84,0.9921
25,26,96.65,175.59,1453.96,64,,Winter,Tuesday,112.61,103,11598.71,6448.71,-0.4186
25,27,96.65,88.27,2216.89,266,,Winter,Thursday,84.78,117,9918.87,4068.87,-0.5499
25,28,96.65,182.57,4903.81,488,Discount,Summer,Monday,92.38,158,14595.43,6695.43,3.9092
25,29,96.65,21.01,430.76,84,,Spring,Sunday,113.68,92,10458.22,5858.22,-1.8116
25,30,96.65,82.25,2641.63,232,,Summer,Saturday,93.84,112,10509.54,4909.54,-1.2455
25,31,96.65,137.18,978.89,319,,Summer,Thursday,98.77,123,12148.44,5998.44,1.8683
25,32,96.65,198.73,4856.32,482,Discount,Fall,Tuesday,80.43,154,12386.0,4686.0,-1.3573
25,33,96.65,83.09,655.19,407,Bundle,Summer,Monday,107.87,137,14778.4,7928.4,-0.3235
25,34,96.65,158.34,2077.64,149,,Winter,Wednesday,93.67,124,11614.71,5414.71,0.7206
25,35,96.65,222.06,3715.64,56,,Winter,Friday,108.27,108,11693.33,6293.33,-0.8276
25,36,96.65,155.89,3552.32,79,Bundle,Winter,Friday,87.13,131,11414.66,4864.66,-1.0909
25,37,96.65,62.08,2171.37,354,,Spring,Sunday,93.66,102,9552.93,4452.93,-2.9578
25,38,96.65,10.98,1797.97,193,Discount,Winter,Thursday,107.73,127,13681.92,7331.92,1.6309
25,39,96.65,218.17,2048.3,160,Discount,Spring,Wednesday,114.97,140,16096.37,9096.37,1.5227
25,40,96.65,10.21,1394.95,281,,Winter,Sunday,79.63,108,8599.81,3199.81,0.7435
26,1,159.18,219.3,1106.13,228,,Summer,Saturday,179.08,102,18266.01,13166.01,-1.5
26,2,159.18,134.59,2466.89,121,,Fall,Saturday,146.49,97,14209.79,9359.79,0.2694
26,3,159.18,235.07,1415.82,259,,Winter,Sunday,162.41,122,19814.56,13714.56,2.3713
26,4,159.18,200.7,1508.56,269,,Spring,Tuesday,145.82,112,16331.6,10731.6,0.8021
26,5,159.18,249.49,3318.1,129,,Spring,Friday,166.41,110,18304.76,12804.76,-0.1265
26,6,159.18,90.92,4845.83,132,,Fall,Wednesday,149.87,101,15137.33,10087.33,0.8235
26,7,159.18,192.96,3057.82,91,,Winter,Thursday,148.59,119,17682.11,11732.11,-20.7792
26,8,159.18,103.47,477.2,322,,Summer,Monday,129.76,109,14144.1,8694.1,0.6632
26,9,159.18,122.57,470.36,240,,Winter,Thursday,136.7,103,14080.53,8930.53,-1.029
26,10,159.18,158.74,4761.97,222,Discount,Winter,Thursday,185.74,129,23960.49,17510.49,0.7037
26,11,159.18,219.05,1556.72,56,,Fall,Wednesday,190.91,96,18327.4,13527.4,-9.1901
26,12,159.18,246.1,551.13,204,Discount,Winter,Friday,177.05,123,21776.55,15626.55,-3.8725
26,13,159.18,193.23,3035.32,59,,Summer,Wednesday,145.61,111,16162.61,10612.61,0.5495
26,14,159.18,107.35,3155.88,83,,Spring,Monday,152.97,96,14685.29,9885.29,-2.6725
26,15,159.18,108.23,3277.67,85,Discount,Fall,Sunday,174.43,112,19536.54,13936.54,1.1879
26,16,159.18,185.71,1410.27,458,,Summer,Wednesday,189.02,121,22870.85,16820.85,0.9613
26,17,159.18,63.5,174.04,55,,Spring,Tuesday,156.35,92,14384.03,9784.03,1.3868
26,18,159.18,32.07,4828.58,457,,Fall,Thursday,180.17,107,19277.68,13927.68,1.0703
26,19,159.18,91.88,1329.38,451,,Fall,Friday,189.43,103,19511.57,14361.57,-0.7268
26,20,159.18,75.37,3412.53,264,,Spring,Saturday,182.96,99,18113.41,13163.41,1.1372
26,21,159.18,77.6,3562.49,183,,Spring,Monday,141.81,102,14464.63,9364.63,-0.1347
26,22,159.18,62.23,3089.04,334,,Summer,Saturday,127.86,120,15342.98,9342.98,-1.7937
26,23,159.18,15.31,1633.25,175,,Winter,Thursday,158.68,96,15233.21,10433.21,-0.8297
26,24,159.18,9.38,1428.37,458,,Winter,Wednesday,161.18,110,17729.83,12229.83,9.2525
26,25,159.18,246.99,3028.57,488,,Winter,Saturday,140.16,136,19061.9,12261.9,-1.8125
26,26,159.18,109.8,4343.87,386,,Winter,Tuesday,145.47,125,18184.12,11934.12,-2.1342
26,27,159.18,99.16,4739.0,223,,Winter,Wednesday,176.07,99,17430.6,12480.6,-0.989
26,28,159.18,171.51,618.94,201,Bundle,Summer,Thursday,157.3,132,20762.99,14162.99,-3.1265
26,29,159.18,58.47,858.66,380,,Fall,Saturday,147.55,115,16968.68,11218.68,2.0795
26,30,159.18,237.74,4729.21,75,,Summer,Sunday,166.99,106,17701.09,12401.09,-0.5941
26,31,159.18,197.65,3709.02,432,,Summer,Monday,168.91,122,20607.04,14507.04,13.137
26,32,159.18,26.91,4426.67,164,Bundle,Summer,Saturday,176.34,108,19044.37,13644.37,-2.61
26,33,159.18,107.31,1092.9,431,,Fall,Sunday,137.32,114,15655.04,9955.04,-0.2511
26,34,159.18,220.38,2979.17,333,Bundle,Summer,Sunday,174.56,124,21645.64,15445.64,0.3235
26,35,159.18,236.46,3535.58,436,,Summer,Saturday,165.51,124,20523.78,14323.78,-0.0
26,36,159.18,119.51,3432.55,124,,Fall,Friday,131.01,98,12839.23,7939.23,1.0059
26,37,159.18,155.29,2099.94,215,Discount,Summer,Saturday,176.85,130,22990.41,16490.41,0.9333
26,38,159.18,45.92,175.43,238,,Winter,Thursday,151.74,97,14718.66,9868.66,1.7878
26,39,159.18,247.84,2956.34,127,,Spring,Sunday,148.38,107,15877.0,10527.0,-4.6619
26,40,159.18,61.76,1340.2,484,Discount,Summer,Monday,155.88,144,22446.32,15246.32,6.8468
27,1,47.94,235.97,2306.25,139,Bundle,Spring,Thursday,44.99,143,6433.34,-716.66,-1.5
27,2,47.94,164.16,4792.15,225,,Summer,Tuesday,44.84,139,6232.36,-717.64,8.3183
27,3,47.94,153.9,2055.27,70,,Summer,Wednesday,53.85,123,6622.99,472.99,-0.5729
27,4,47.94,130.61,4215.03,103,Discount,Winter,Saturday,40.74,139,5662.56,-1287.44,-0.5344
27,5,47.94,61.51,1023.85,233,,Fall,Friday,56.96,109,6208.84,758.84,-0.5419
27,6,47.94,48.25,3395.06,408,Discount,Spring,Monday,48.99,147,7201.73,-148.27,-2.4915
27,7,47.94,59.02,4887.33,271,,Fall,Friday,41.86,118,4939.25,-960.75,1.3549
27,8,47.94,50.68,599.28,364,,Winter,Friday,40.87,130,5312.64,-1187.36,-4.2931
27,9,47.94,196.0,140.77,377,Bundle,Winter,Friday,49.69,150,7453.91,-46.09,0.7123
27,10,47.94,90.78,2224.56,228,,Spring,Saturday,50.49,118,5957.62,57.62,-13.3251
27,11,47.94,19.17,553.86,325,,Fall,Monday,39.37,114,4487.86,-1212.14,0.1539
27,12,47.94,242.43,3767.08,161,,Winter,Monday,43.01,135,5806.35,-943.65,1.9907
27,13,47.94,221.53,4581.29,273,,Summer,Sunday,53.6,133,7129.27,479.27,-0.0601
27,14,47.94,232.3,2226.7,263,,Summer,Friday,39.3,130,5109.26,-1390.74,0.0845
27,15,47.94,248.75,1367.69,108,Discount,Summer,Sunday,54.75,156,8540.52,740.52,0.5089
27,16,47.94,47.6,2228.58,376,,Fall,Sunday,50.97,120,6116.5,116.5,3.3458
27,17,47.94,102.08,3644.89,442,,Summer,Wednesday,46.68,142,6628.64,-471.36,-2.1781
27,18,47.94,190.77,144.37,158,Discount,Summer,Saturday,44.99,138,6209.08,-690.92,0.7793
27,19,47.94,175.53,2988.32,434,,Winter,Saturday,38.72,139,5382.01,-1567.99,-0.052
27,20,47.94,42.7,3105.13,206,,Winter,Thursday,54.17,116,6284.19,484.19,-0.4146
27,21,47.94,204.88,3224.67,240,,Summer,Sunday,41.09,126,5176.98,-1123.02,-0.3569
27,22,47.94,59.99,1285.91,249,Bundle,Summer,Saturday,44.29,136,6022.89,-777.11,1.0194
27,23,47.94,59.84,3598.86,361,,Winter,Friday,49.26,131,6453.47,-96.53,-0.3271
27,24,47.94,136.56,547.82,245,,Spring,Tuesday,43.07,132,5684.89,-915.11,-0.0607
27,25,47.94,150.27,1076.42,84,,Fall,Friday,47.88,116,5554.45,-245.55,-1.084
27,26,47.94,147.12,4399.6,428,,Fall,Monday,53.87,128,6895.33,495.33,0.8274
27,27,47.94,27.41,3719.74,436,,Winter,Saturday,47.37,133,6300.62,-349.38,-0.3239
27,28,47.94,219.98,167.35,295,,Fall,Saturday,56.55,129,7294.6,844.6,-0.1553
27,29,47.94,70.07,1317.04,286,,Winter,Thursday,54.6,118,6442.97,542.97,2.478
27,30,47.94,36.73,1150.59,153,Bundle,Winter,Sunday,44.74,125,5592.06,-657.94,-0.3283
27,31,47.94,222.74,1426.95,56,,Winter,Tuesday,46.02,121,5568.39,-481.61,-1.1156
27,32,47.94,239.13,1313.04,332,,Winter,Saturday,46.47,132,6133.75,-466.25,9.338
27,33,47.94,216.22,406.38,50,,Spring,Thursday,50.36,115,5791.12,41.12,-1.5385
27,34,47.94,203.33,2348.81,268,,Summer,Thursday,43.85,137,6007.42,-842.58,-1.4803
27,35,47.94,165.53,3690.39,279,,Summer,Tuesday,56.94,136,7743.29,943.29,-0.0245
27,36,47.94,139.96,3072.99,221,,Spring,Friday,50.02,119,5952.63,2.63,1.0294
27,37,47.94,26.31,3397.07,136,,Fall,Friday,46.01,113,5199.02,-450.98,0.6285
27,38,47.94,105.07,497.63,90,Discount,Fall,Friday,50.72,135,6847.01,97.01,1.902
27,39,47.94,96.31,4762.3,172,,Summer,Wednesday,45.93,125,5741.55,-508.45,0.7849
27,40,47.94,68.64,4208.61,380,,Fall,Sunday,54.03,116,6267.69,467.69,-0.4083
28,1,107.7,182.24,4044.94,347,,Summer,Sunday,110.63,136,15045.31,8245.31,-1.5
28,2,107.7,126.49,4132.62,422,,Summer,Friday,87.97,133,11700.25,5050.25,0.1077
28,3,107.7,24.86,4670.28,466,,Spring,Tuesday,93.78,117,10972.1,5122.1,-1.8225
28,4,107.7,58.94,2766.84,227,,Fall,Wednesday,123.43,98,12096.06,7196.06,-0.5136
28,5,107.7,172.4,1081.38,112,,Spring,Sunday,110.41,106,11703.92,6403.92,-0.7742
28,6,107.7,23.65,3122.24,214,Discount,Summer,Friday,127.11,125,15888.27,9638.27,1.1857
28,7,107.7,213.55,3740.12,236,,Summer,Wednesday,89.28,132,11785.45,5185.45,-0.1882
28,8,107.7,126.31,3715.8,432,,Summer,Tuesday,98.88,124,12261.62,6061.62,-0.5636
28,9,107.7,122.74,2655.1,258,,Winter,Friday,94.5,119,11245.72,5295.72,0.9099
28,10,107.7,150.14,435.45,276,,Winter,Monday,110.02,114,12542.75,6842.75,-0.2558
28,11,107.7,207.05,1918.45,481,,Winter,Saturday,102.66,137,14063.74,7213.74,-3.0123
28,12,107.7,90.21,4611.76,438,Bundle,Spring,Tuesday,92.94,141,13104.44,6054.44,-0.3085
28,13,107.7,171.11,2963.8,97,,Summer,Thursday,113.85,109,12410.15,6960.15,-1.0085
28,14,107.7,143.6,2737.83,273,Bundle,Fall,Thursday,109.27,127,13877.08,7527.08,-4.0996
28,15,107.7,70.42,1417.38,52,Discount,Spring,Tuesday,98.0,117,11465.97,5615.97,0.7635
28,16,107.7,220.26,1905.4,421,,Spring,Thursday,106.83,136,14529.3,7729.3,1.8017
28,17,107.7,200.37,4487.2,224,,Spring,Sunday,118.29,121,14313.26,8263.26,-1.0283
28,18,107.7,166.32,3365.67,495,,Fall,Tuesday,95.01,120,11400.85,5400.85,0.042
28,19,107.7,213.39,3958.2,148,,Summer,Monday,98.78,117,11557.56,5707.56,-0.6291
28,20,107.7,217.49,2326.29,165,Bundle,Winter,Tuesday,101.07,133,13442.94,6792.94,5.8934
28,21,107.7,178.55,3188.21,319,,Summer,Friday,118.33,124,14673.41,8473.41,-0.3963
28,22,107.7,210.07,1317.08,496,Discount,Summer,Friday,122.65,155,19010.84,11260.84,6.8534
28,23,107.7,175.88,3556.76,417,,Spring,Wednesday,102.38,120,12285.5,6285.5,1.3662
28,24,107.7,171.63,2195.25,302,Discount,Spring,Thursday,98.94,147,14544.56,7194.56,-6.7031
28,25,107.7,156.56,2268.47,366,Bundle,Spring,Saturday,124.48,141,17552.05,10502.05,-0.1581
28,26,107.7,189.42,3281.68,464,,Winter,Thursday,129.22,128,16539.92,10139.92,-2.4236
28,27,107.7,43.86,4687.78,144,,Winter,Sunday,115.04,102,11734.46,6634.46,1.8517
28,28,107.7,220.81,413.63,322,,Winter,Tuesday,128.81,119,15328.84,9378.84,1.3924
28,29,107.7,218.6,4141.24,429,Discount,Summer,Saturday,114.6,153,17533.22,9883.22,-2.5886
28,30,107.7,12.17,1532.68,73,Bundle,Spring,Saturday,117.76,104,12247.29,7047.29,-11.5912
28,31,107.7,207.33,2275.21,165,Discount,Fall,Thursday,102.91,143,14715.79,7565.79,-2.9728
28,32,107.7,36.57,207.38,200,,Summer,Saturday,104.82,96,10062.4,5262.4,-17.7173
28,33,107.7,87.1,1575.13,387,,Winter,Saturday,92.37,121,11177.16,5127.16,-2.1936
28,34,107.7,187.16,2562.89,99,Discount,Fall,Friday,121.61,129,15687.59,9237.59,0.2089
28,35,107.7,44.39,375.26,255,,Fall,Monday,126.28,99,12501.26,7551.26,-6.0609
28,36,107.7,205.4,2506.37,384,Discount,Spring,Tuesday,113.02,153,17292.44,9642.44,-5.1972
28,37,107.7,208.87,4642.84,128,,Fall,Thursday,100.97,112,11308.48,5708.48,2.5126
28,38,107.7,129.33,616.43,119,,Winter,Friday,92.8,108,10022.29,4622.29,0.4414
28,39,107.7,6.56,3845.76,76,,Spring,Sunday,97.59,93,9075.6,4425.6,-2.6918
28,40,107.7,75.32,2107.39,320,,Fall,Sunday,97.17,117,11368.56,5518.56,-59.9803
29,1,122.56,156.15,3310.35,99,,Spring,Wednesday,128.12,109,13965.55,8515.55,-1.5
29,2,122.56,245.39,1375.16,341,,Fall,Saturday,144.38,131,18913.26,12363.26,1.5912
29,3,122.56,159.79,881.51,296,,Summer,Saturday,100.41,121,12150.03,6100.03,0.2507
29,4,122.56,68.65,886.27,313,,Summer,Thursday,98.1,113,11084.98,5434.98,2.8661
29,5,122.56,160.33,445.41,128,,Winter,Monday,127.47,109,13894.23,8444.23,-0.1182
29,6,122.56,137.3,1009.67,436,Discount,Summer,Monday,111.97,153,17131.82,9481.82,-3.3203
29,7,122.56,196.06,3354.67,239,Bundle,Summer,Thursday,141.21,136,19205.18,12405.18,-0.4255
29,8,122.56,31.21,4420.28,96,Discount,Summer,Thursday,114.09,131,14945.79,8395.79,0.1914
29,9,122.56,191.45,4089.22,410,Bundle,Fall,Friday,112.25,141,15827.39,8777.39,-4.7358
29,10,122.56,137.61,3457.16,403,,Fall,Sunday,111.26,123,13684.9,7534.9,14.4513
29,11,122.56,240.93,641.12,401,,Spring,Thursday,105.15,134,14089.86,7389.86,-1.6282
29,12,122.56,88.76,1517.02,238,,Fall,Sunday,126.56,108,13668.01,8268.01,-0.953
29,13,122.56,159.99,1618.05,465,Discount,Summer,Wednesday,106.29,144,15306.25,8106.25,-2.082
29,14,122.56,233.35,1324.79,305,,Fall,Sunday,118.86,119,14144.81,8194.81,-1.468
29,15,122.56,30.11,2623.53,271,,Winter,Friday,120.65,102,12305.84,7205.84,-9.5313
29,16,122.56,234.62,2724.21,421,Discount,Spring,Saturday,99.05,161,15947.31,7897.31,-3.2317
29,17,122.56,173.53,1848.74,290,,Spring,Saturday,98.87,108,10678.06,5278.06,180.5083
29,18,122.56,21.62,1833.57,318,,Fall,Sunday,123.55,109,13466.91,8016.91,0.0371
29,19,122.56,78.74,4159.92,50,,Summer,Saturday,132.17,96,12688.23,7888.23,-1.7095
29,20,122.56,178.5,3967.53,83,,Spring,Saturday,144.23,97,13990.71,9140.71,0.1141
29,21,122.56,21.5,1608.2,495,,Winter,Tuesday,106.83,121,12926.2,6876.2,-0.954
29,22,122.56,147.63,4577.56,128,,Winter,Wednesday,103.11,111,11445.11,5895.11,2.374
29,23,122.56,89.74,4768.79,285,,Spring,Friday,100.6,122,12273.27,6173.27,-4.0732
29,24,122.56,157.12,1701.04,383,,Summer,Friday,119.42,131,15644.45,9094.45,0.3943
29,25,122.56,16.21,1836.68,426,Discount,Summer,Saturday,128.6,136,17489.04,10689.04,0.4969
29,26,122.56,218.53,2577.61,398,Discount,Fall,Monday,139.25,149,20748.83,13298.83,1.1533
29,27,122.56,243.5,4711.49,147,,Fall,Friday,131.51,108,14203.37,8803.37,4.9499
29,28,122.56,242.38,4393.97,131,Discount,Spring,Wednesday,108.26,138,14940.1,8040.1,-1.5712
29,29,122.56,188.66,602.58,464,,Fall,Thursday,120.68,125,15085.58,8835.58,-0.8209
29,30,122.56,36.87,2024.38,241,,Fall,Wednesday,142.68,103,14695.56,9545.56,-0.9659
29,31,122.56,190.77,2811.52,302,,Fall,Saturday,114.07,114,13003.41,7303.41,-0.5326
29,32,122.56,11.02,2565.35,458,,Winter,Saturday,122.5,112,13719.61,8119.61,-0.2373
29,33,122.56,10.42,1049.93,87,,Fall,Tuesday,145.04,87,12618.41,8268.41,-1.2129
29,34,122.56,84.28,4308.2,63,,Spring,Sunday,134.06,92,12333.98,7733.98,-0.7596
29,35,122.56,124.72,3417.01,441,,Summer,Friday,134.7,131,17646.21,11096.21,88.9537
29,36,122.56,193.75,4205.75,396,Discount,Fall,Sunday,110.42,143,15789.68,8639.68,-0.5081
29,37,122.56,172.41,4307.94,359,,Summer,Sunday,118.38,122,14441.99,8341.99,-2.0372
29,38,122.56,114.25,3766.94,435,,Fall,Friday,102.08,128,13066.72,6666.72,-0.3573
29,39,122.56,72.04,2252.13,258,,Spring,Friday,127.78,106,13544.79,8244.79,-0.6828
29,40,122.56,249.3,3091.68,406,,Winter,Saturday,103.13,144,14851.04,7651.04,-1.8584
30,1,18.83,109.41,885.79,138,,Spring,Friday,21.36,117,2498.54,-3351.46,-1.5
30,2,18.83,115.59,3400.86,105,,Winter,Monday,21.19,134,2840.03,-3859.97,-19.2948
30,3,18.83,45.09,978.34,143,,Fall,Monday,19.08,114,2174.96,-3525.04,1.4952
30,4,18.83,199.73,3500.35,142,Discount,Fall,Thursday,16.12,146,2354.03,-4945.97,-1.8122
30,5,18.83,174.95,1225.03,389,,Winter,Friday,15.25,136,2074.42,-4725.58,1.2688
30,6,18.83,59.09,676.0,134,Bundle,Spring,Tuesday,21.06,121,2548.24,-3501.76,-0.2897
30,7,18.83,25.18,909.89,494,,Spring,Thursday,19.58,123,2408.3,-3741.7,-0.2352
30,8,18.83,171.72,109.76,294,,Winter,Saturday,20.41,129,2633.4,-3816.6,1.1448
30,9,18.83,165.36,3621.82,71,,Fall,Friday,17.35,113,1960.35,-3689.65,0.8259
30,10,18.83,71.95,3688.77,340,,Winter,Monday,18.9,117,2210.95,-3639.05,0.3965
30,11,18.83,237.96,2623.17,321,,Fall,Tuesday,20.69,140,2896.16,-4103.84,2.0755
30,12,18.83,42.01,890.68,355,,Winter,Thursday,18.54,131,2429.22,-4120.78,0.6205
30,13,18.83,110.92,509.42,171,Discount,Fall,Tuesday,19.59,143,2801.23,-4348.77,1.625
30,14,18.83,236.19,193.73,177,Bundle,Winter,Friday,21.01,141,2962.03,-4087.97,-0.1932
30,15,18.83,107.83,912.17,162,,Summer,Wednesday,16.68,133,2218.59,-4431.41,0.2755
30,16,18.83,161.44,4465.19,476,,Fall,Tuesday,15.56,138,2146.86,-4753.14,-0.5578
30,17,18.83,102.41,1283.53,322,,Spring,Tuesday,19.07,123,2345.02,-3804.98,-0.482
30,18,18.83,72.18,1835.93,385,,Winter,Saturday,15.53,133,2065.26,-4584.74,-0.4382
30,19,18.83,246.07,616.19,491,Discount,Spring,Monday,20.83,172,3583.24,-5016.76,0.8584
30,20,18.83,105.29,1189.57,179,Discount,Winter,Friday,20.48,136,2784.78,-4015.22,12.2302
30,21,18.83,224.05,2644.2,181,Discount,Spring,Tuesday,21.7,155,3363.49,-4386.51,2.3378
30,22,18.83,61.34,3077.99,134,,Spring,Friday,19.88,116,2305.68,-3494.32,2.9943
30,23,18.83,57.21,1302.23,472,,Winter,Monday,15.57,133,2070.34,-4579.66,-0.6758
30,24,18.83,12.63,382.89,399,,Winter,Saturday,16.97,120,2036.01,-3963.99,-1.0866
30,25,18.83,164.66,2016.06,439,Bundle,Spring,Friday,21.14,147,3108.22,-4241.78,0.9138
30,26,18.83,95.29,1247.6,130,,Spring,Sunday,16.32,120,1958.28,-4041.72,0.8048
30,27,18.83,216.77,1175.81,374,,Spring,Monday,20.32,142,2885.47,-4214.53,0.7477
30,28,18.83,120.94,4803.33,118,,Fall,Monday,20.94,115,2407.64,-3342.36,-6.2741
30,29,18.83,242.21,3119.87,197,Discount,Fall,Thursday,17.55,157,2754.77,-5095.23,-2.2557
30,30,18.83,50.45,2828.7,497,,Summer,Saturday,17.49,136,2378.29,-4421.71,39.8846
30,31,18.83,217.81,2137.3,65,,Fall,Saturday,19.26,117,2253.52,-3596.48,-1.3776
30,32,18.83,195.27,2201.83,356,Bundle,Fall,Sunday,21.55,150,3231.92,-4268.08,2.3772
30,33,18.83,193.88,2750.43,154,Bundle,Winter,Friday,16.75,140,2344.51,-4655.49,0.2993
30,34,18.83,211.97,3512.51,214,,Summer,Wednesday,22.15,146,3233.66,-4066.34,0.1329
30,35,18.83,191.45,3540.52,250,,Summer,Sunday,19.57,130,2544.36,-3955.64,0.9421
30,36,18.83,158.42,941.3,246,Discount,Fall,Thursday,22.53,150,3379.71,-4120.29,1.0174
30,37,18.83,37.15,2550.55,475,Bundle,Winter,Saturday,15.74,150,2360.29,-5139.71,-0.0
30,38,18.83,12.97,2118.59,234,,Winter,Monday,16.01,120,1921.62,-4078.38,-11.311
30,39,18.83,230.61,4365.58,371,,Summer,Saturday,21.29,154,3277.93,-4422.07,0.8607
30,40,18.83,156.08,3193.95,314,,Winter,Sunday,21.57,121,2610.25,-3439.75,-15.892
31,1,125.43,200.15,2709.27,412,Discount,Spring,Wednesday,122.7,151,18527.25,10977.25,-1.5
31,2,125.43,122.97,665.43,149,,Fall,Tuesday,136.17,97,13208.9,8358.9,-3.2557
31,3,125.43,33.74,3067.63,391,,Spring,Tuesday,143.88,110,15826.26,10326.26,2.3699
31,4,125.43,35.67,674.3,369,,Summer,Saturday,102.51,116,11891.24,6091.24,-0.1897
31,5,125.43,172.96,1752.31,263,Bundle,Summer,Saturday,129.14,132,17046.99,10446.99,0.5309
31,6,125.43,110.42,799.93,327,,Winter,Thursday,143.17,105,15032.73,9782.73,-1.8835
31,7,125.43,54.13,3491.16,211,,Winter,Saturday,120.32,103,12393.33,7243.33,0.1194
31,8,125.43,125.44,1110.64,488,,Summer,Wednesday,115.52,143,16519.14,9369.14,-9.7244
31,9,125.43,20.73,2020.11,206,,Summer,Saturday,140.27,104,14588.09,9388.09,-1.2728
31,10,125.43,147.58,4488.81,471,,Spring,Friday,117.19,130,15235.27,8735.27,-1.5197
31,11,125.43,70.9,1101.15,300,Discount,Spring,Sunday,100.51,134,13467.82,6767.82,-0.2161
31,12,125.43,200.4,2588.24,415,,Winter,Wednesday,148.49,119,17670.53,11720.53,-0.2345
31,13,125.43,81.04,2154.43,146,Bundle,Spring,Thursday,130.06,119,15476.62,9526.62,-0.0
31,14,125.43,116.53,188.81,67,,Winter,Friday,141.46,88,12448.9,8048.9,-2.9695
31,15,125.43,7.85,3984.51,376,,Winter,Friday,141.76,104,14742.52,9542.52,88.6361
31,16,125.43,22.75,438.32,498,,Fall,Sunday,103.68,111,11508.35,5958.35,-0.2506
31,17,125.43,101.16,2423.85,432,,Winter,Tuesday,108.92,127,13832.77,7482.77,2.8517
31,18,125.43,122.59,2847.32,146,,Spring,Wednesday,115.96,108,12523.33,7123.33,-2.3155
31,19,125.43,152.01,3179.29,50,Discount,Summer,Sunday,116.44,131,15253.3,8703.3,51.3836
31,20,125.43,76.46,3474.29,265,Discount,Summer,Friday,133.4,137,18275.85,11425.85,0.3144
31,21,125.43,175.27,1341.03,181,,Spring,Thursday,131.61,107,14082.43,8732.43,16.33
31,22,125.43,215.73,148.9,309,Bundle,Summer,Sunday,125.16,143,17898.18,10748.18,-6.8658
31,23,125.43,196.06,3644.87,174,,Winter,Tuesday,110.95,118,13091.7,7191.7,1.5393
31,24,125.43,14.71,2724.72,131,Discount,Summer,Friday,119.51,134,16014.64,9314.64,1.7563
31,25,125.43,122.72,4196.98,332,,Spring,Sunday,127.62,112,14293.53,8693.53,-2.4198
31,26,125.43,30.71,4124.8,220,,Summer,Wednesday,123.83,113,13992.48,8342.48,-0.3004
31,27,125.43,64.3,4232.3,108,Discount,Winter,Tuesday,106.73,130,13875.36,7375.36,-1.0898
31,28,125.43,246.73,2476.96,81,,Winter,Wednesday,132.93,109,14489.91,9039.91,-0.658
31,29,125.43,39.91,1734.78,210,,Spring,Wednesday,104.01,117,12169.41,6319.41,-0.3373
31,30,125.43,127.23,3978.64,333,,Spring,Wednesday,119.32,122,14557.3,8457.3,0.2903
31,31,125.43,156.45,2311.34,155,,Spring,Sunday,135.97,106,14412.97,9112.97,-0.9399
31,32,125.43,177.1,998.87,154,Discount,Fall,Tuesday,101.35,137,13885.15,7035.15,-1.1486
31,33,125.43,142.11,4289.37,488,,Fall,Sunday,128.94,114,14699.71,8999.71,-0.6166
31,34,125.43,7.39,4424.54,277,Bundle,Winter,Sunday,117.13,116,13587.18,7787.18,-0.1915
31,35,125.43,84.98,2384.92,237,,Fall,Sunday,100.79,112,11288.47,5688.47,0.2472
31,36,125.43,131.84,470.93,119,,Fall,Friday,109.9,101,11099.8,6049.8,-1.0867
31,37,125.43,26.53,2000.35,367,Discount,Summer,Saturday,147.56,133,19625.12,12975.12,0.9246
31,38,125.43,90.9,4037.33,339,,Fall,Monday,126.49,107,13534.93,8184.93,1.3695
31,39,125.43,13.13,4518.69,136,Bundle,Summer,Friday,150.38,113,16993.06,11343.06,0.297
31,40,125.43,24.25,1097.02,419,,Spring,Tuesday,126.68,107,13554.62,8204.62,0.3369
32,1,42.4,102.25,428.17,411,,Summer,Monday,43.14,122,5263.66,-836.34,-1.5
32,2,42.4,37.52,4399.02,105,,Summer,Monday,40.57,122,4948.96,-1151.04,-0.0
32,3,42.4,144.05,2008.08,162,,Spring,Monday,39.18,119,4662.17,-1287.83,0.719
32,4,42.4,173.92,2754.63,62,,Spring,Saturday,38.19,127,4849.6,-1500.4,-2.6549
32,5,42.4,201.14,4843.52,489,Discount,Winter,Sunday,39.74,161,6398.79,-1651.21,6.5608
32,6,42.4,54.04,426.17,67,,Winter,Thursday,41.72,100,4171.87,-828.13,-7.6258
32,7,42.4,46.03,3276.76,231,,Winter,Tuesday,37.18,118,4386.75,-1513.25,-1.653
32,8,42.4,30.62,463.12,162,,Winter,Saturday,37.73,118,4452.55,-1447.45,0.0
32,9,42.4,160.93,1939.8,278,,Summer,Saturday,38.53,126,4854.15,-1445.85,3.2321
32,10,42.4,178.09,4038.69,220,,Summer,Thursday,41.54,125,5192.38,-1057.62,-0.1014
32,11,42.4,12.74,2224.01,344,Discount,Winter,Monday,44.99,148,6658.71,-741.29,2.214
32,12,42.4,234.37,4986.19,238,Discount,Fall,Sunday,48.44,151,7314.4,-235.6,0.2645
32,13,42.4,17.73,2839.39,475,Discount,Winter,Thursday,38.79,157,6089.93,-1760.07,-0.1994
32,14,42.4,137.62,1673.69,128,Discount,Fall,Thursday,37.04,138,5110.92,-1789.08,2.6768
32,15,42.4,178.72,1178.55,195,,Spring,Saturday,40.34,125,5043.11,-1206.89,-1.0543
32,16,42.4,218.39,1817.55,456,Discount,Summer,Tuesday,49.09,176,8639.53,-160.47,1.8826
32,17,42.4,179.95,1925.41,231,,Summer,Wednesday,34.09,126,4294.95,-2005.05,0.9296
32,18,42.4,201.42,436.7,335,,Fall,Sunday,45.42,133,6040.36,-609.64,0.1672
32,19,42.4,88.17,1910.91,299,,Winter,Thursday,42.01,116,4873.42,-926.58,1.7054
32,20,42.4,204.63,2374.77,403,,Summer,Sunday,36.65,145,5314.39,-1935.61,-1.9591
32,21,42.4,24.63,3641.41,363,Discount,Fall,Thursday,39.36,150,5904.62,-1595.38,0.4658
32,22,42.4,224.23,3317.97,245,,Spring,Monday,37.73,129,4867.79,-1582.21,3.3823
32,23,42.4,139.16,3572.95,372,Discount,Spring,Sunday,48.81,158,7711.59,-188.41,0.7661
32,24,42.4,205.24,140.98,120,,Summer,Monday,42.09,123,5177.34,-972.66,1.61
32,25,42.4,115.82,1166.57,297,,Winter,Saturday,43.47,129,5607.59,-842.41,1.4906
32,26,42.4,162.68,3342.25,195,Discount,Fall,Monday,43.99,134,5894.46,-805.54,3.2473
32,27,42.4,133.97,2471.55,155,,Summer,Sunday,44.77,124,5551.17,-648.83,-4.2143
32,28,42.4,184.24,126.04,312,,Spring,Friday,42.32,130,5502.15,-997.85,-0.8866
32,29,42.4,25.0,4042.02,345,,Winter,Sunday,34.22,131,4483.19,-2066.81,-0.0402
32,30,42.4,19.79,3886.77,119,,Fall,Thursday,39.6,111,4395.21,-1154.79,-0.9723
32,31,42.4,65.54,2787.25,242,,Summer,Monday,37.04,123,4555.69,-1594.31,-1.6732
32,32,42.4,44.09,425.67,117,,Fall,Tuesday,45.45,106,4818.21,-481.79,-0.6082
32,33,42.4,218.59,3855.92,354,Bundle,Winter,Friday,34.88,148,5162.44,-2237.56,-1.7034
32,34,42.4,58.71,2960.2,101,Discount,Winter,Saturday,43.48,146,6348.33,-951.67,-0.0548
32,35,42.4,244.09,3931.6,419,Discount,Spring,Wednesday,37.49,170,6373.63,-2126.37,-1.1933
32,36,42.4,87.54,3783.56,412,Discount,Winter,Thursday,50.01,146,7301.74,1.74,-0.4228
32,37,42.4,49.62,4034.71,334,,Summer,Thursday,39.61,128,5070.13,-1329.87,0.5928
32,38,42.4,198.48,2638.24,454,,Fall,Tuesday,39.44,138,5442.08,-1457.92,-17.6811
32,39,42.4,166.38,787.59,383,,Winter,Wednesday,49.58,129,6395.84,-54.16,-0.2535
32,40,42.4,127.06,3388.67,58,,Winter,Wednesday,41.0,117,4796.74,-1053.26,0.5374
33,1,22.36,141.06,3140.32,300,Bundle,Summer,Saturday,26.5,145,3842.44,-3407.56,-1.5
33,2,22.36,181.2,3737.04,480,,Fall,Saturday,18.1,133,2407.83,-4242.17,0.2612
33,3,22.36,60.97,932.42,381,,Fall,Friday,20.63,120,2475.33,-3524.67,-0.7012
33,4,22.36,249.1,1055.38,347,,Spring,Thursday,23.85,140,3338.47,-3661.53,1.0682
33,5,22.36,243.82,4463.01,484,,Spring,Monday,25.86,152,3930.05,-3669.95,1.0172
33,6,22.36,164.33,3774.89,233,,Fall,Saturday,20.18,126,2542.82,-3757.18,0.7794
33,7,22.36,53.89,4550.32,228,,Summer,Tuesday,26.21,129,3381.08,-3068.92,0.0797
33,8,22.36,171.66,3817.71,247,,Summer,Tuesday,23.2,138,3201.82,-3698.18,-0.6078
33,9,22.36,22.69,3026.06,177,,Spring,Tuesday,25.05,109,2730.67,-2719.33,-2.635
33,10,22.36,12.51,3305.25,69,,Winter,Sunday,21.44,115,2465.65,-3284.35,-0.3818
33,11,22.36,68.13,4456.73,460,,Summer,Saturday,19.79,141,2789.76,-4260.24,-2.9292
33,12,22.36,118.34,2936.15,471,Discount,Winter,Saturday,26.04,173,4504.55,-4145.45,0.7182
33,13,22.36,217.73,3198.72,377,,Summer,Tuesday,26.23,146,3830.13,-3469.87,-20.7464
33,14,22.36,183.16,866.74,114,,Fall,Saturday,22.34,113,2524.21,-3125.79,1.5221
33,15,22.36,186.96,2422.21,231,Bundle,Spring,Sunday,17.95,143,2566.27,-4583.73,-1.3502
33,16,22.36,109.25,3610.35,290,,Winter,Monday,18.87,121,2283.24,-3766.76,-2.9887
33,17,22.36,89.75,1427.62,418,Discount,Winter,Monday,23.01,161,3705.09,-4344.91,1.5056
33,18,22.36,95.9,1091.05,73,Bundle,Fall,Friday,18.1,135,2443.57,-4306.43,0.7565
33,19,22.36,246.97,1637.75,433,,Summer,Thursday,21.44,137,2936.98,-3913.02,0.0804
33,20,22.36,14.83,1283.35,480,Discount,Winter,Monday,20.6,165,3399.19,-4850.81,-5.237
33,21,22.36,217.42,1153.07,132,Discount,Summer,Friday,24.28,158,3835.75,-4064.25,-0.2378
33,22,22.36,146.78,2181.77,368,,Fall,Wednesday,18.38,125,2298.12,-3951.88,0.8606
33,23,22.36,112.46,4548.41,234,,Spring,Thursday,22.26,126,2804.64,-3495.36,0.038
33,24,22.36,182.69,2584.59,488,Bundle,Winter,Monday,23.07,155,3575.45,-4174.55,6.3375
33,25,22.36,124.23,1020.81,365,Discount,Summer,Sunday,23.41,162,3792.23,-4307.77,3.051
33,26,22.36,218.99,477.16,148,,Winter,Wednesday,21.51,130,2796.5,-3703.5,2.4371
33,27,22.36,225.67,3511.17,111,,Summer,Friday,20.61,134,2761.75,-3938.25,-0.7342
33,28,22.36,108.32,1975.71,335,Discount,Summer,Monday,23.99,154,3694.77,-4005.23,0.9096
33,29,22.36,72.82,4126.97,71,,Summer,Monday,25.47,114,2903.4,-2796.6,-4.2208
33,30,22.36,150.13,3331.6,261,,Fall,Saturday,24.09,128,3083.71,-3316.29,-2.2715
33,31,22.36,228.53,4001.58,175,Discount,Spring,Wednesday,26.22,153,4012.35,-3637.65,2.206
33,32,22.36,56.61,1432.54,462,,Winter,Monday,24.3,134,3256.6,-3443.4,1.6948
33,33,22.36,157.63,3492.56,474,,Spring,Tuesday,24.73,142,3511.17,-3588.83,3.4257
33,34,22.36,159.73,1393.9,91,Discount,Summer,Sunday,19.39,149,2889.04,-4560.96,-0.2284
33,35,22.36,184.61,4701.44,147,Discount,Summer,Saturday,21.64,162,3505.71,-4594.29,0.7517
33,36,22.36,37.23,3218.23,498,,Spring,Saturday,22.23,131,2911.62,-3638.38,-7.067
33,37,22.36,180.38,1690.11,80,,Spring,Monday,20.18,120,2421.61,-3578.39,0.9122
33,38,22.36,227.71,1420.61,207,,Winter,Sunday,22.62,131,2962.57,-3587.43,0.7597
33,39,22.36,49.02,1035.54,161,Bundle,Summer,Saturday,20.49,140,2868.41,-4131.59,-0.7307
33,40,22.36,63.2,3503.74,451,,Spring,Thursday,24.04,128,3076.71,-3323.29,-0.495
34,1,190.29,242.99,1171.71,296,,Fall,Wednesday,188.03,113,21247.02,15597.02,-1.5
34,2,190.29,49.34,3016.99,171,,Summer,Thursday,187.15,96,17966.67,13166.67,32.3682
34,3,190.29,214.32,1396.71,322,Discount,Summer,Friday,227.1,146,33156.72,25856.72,2.4401
34,4,190.29,125.61,3343.65,343,,Winter,Thursday,182.1,105,19120.67,13870.67,1.4172
34,5,190.29,65.57,4093.2,447,,Fall,Sunday,179.81,110,19778.75,14278.75,-3.7787
34,6,190.29,218.33,3912.32,256,,Winter,Tuesday,176.48,115,20295.35,14545.35,-2.4576
34,7,190.29,114.1,3828.17,159,Discount,Fall,Saturday,220.33,109,24016.48,18566.48,-0.21
34,8,190.29,131.13,1019.84,489,,Winter,Sunday,190.04,116,22044.51,16244.51,-0.4671
34,9,190.29,93.01,533.09,327,,Fall,Saturday,197.9,97,19196.39,14346.39,-3.9592
34,10,190.29,150.27,3524.85,105,,Fall,Tuesday,165.99,93,15437.41,10787.41,0.2558
34,11,190.29,45.06,1904.9,424,Discount,Fall,Saturday,193.4,125,24175.57,17925.57,2.0837
34,12,190.29,100.81,2218.5,452,,Spring,Thursday,173.14,116,20083.72,14283.72,0.687
34,13,190.29,242.51,252.63,106,,Summer,Friday,207.84,104,21615.7,16415.7,-0.516
34,14,190.29,68.24,1371.92,477,,Fall,Monday,215.6,96,20697.48,15897.48,-2.0615
34,15,190.29,165.9,265.01,340,Bundle,Spring,Tuesday,206.64,115,23763.44,18013.44,-4.7623
34,16,190.29,84.67,4408.01,163,,Spring,Thursday,207.81,89,18495.39,14045.39,-39.7696
34,17,190.29,194.5,1292.64,430,Bundle,Winter,Sunday,191.24,136,26008.34,19208.34,-6.6208
34,18,190.29,37.06,2830.95,434,Discount,Summer,Thursday,206.43,125,25804.21,19554.21,-1.0179
34,19,190.29,242.61,291.0,357,,Summer,Thursday,184.4,120,22128.43,16128.43,0.3748
34,20,190.29,116.18,3367.55,390,,Winter,Monday,201.82,99,19980.07,15030.07,-1.853
34,21,190.29,62.83,1682.83,247,,Summer,Wednesday,171.95,104,17882.53,12682.53,-0.3412
34,22,190.29,23.01,4499.8,470,,Winter,Saturday,157.54,115,18117.12,12367.12,-1.2623
34,23,190.29,46.59,4451.78,370,,Spring,Saturday,183.7,111,20390.95,14840.95,-0.2095
34,24,190.29,132.34,1693.92,228,,Spring,Sunday,187.38,103,19300.04,14150.04,-3.601
34,25,190.29,87.57,4514.71,434,Bundle,Fall,Friday,171.75,119,20437.91,14487.91,-1.8621
34,26,190.29,208.08,4981.17,268,,Winter,Sunday,207.62,100,20762.04,15762.04,-0.7644
34,27,190.29,110.57,4144.54,326,Discount,Spring,Wednesday,157.83,135,21306.9,14556.9,-1.4594
34,28,190.29,65.93,4239.87,486,,Spring,Saturday,169.19,109,18441.18,12991.18,-2.6767
34,29,190.29,156.2,1320.14,65,,Winter,Friday,209.21,93,19456.33,14806.33,-0.6205
34,30,190.29,178.16,2925.84,428,Discount,Spring,Sunday,185.5,135,25042.83,18292.83,-3.9856
34,31,190.29,45.93,429.55,110,,Summer,Friday,205.91,86,17708.56,13408.56,-3.2987
34,32,190.29,46.07,565.1,103,Discount,Spring,Thursday,195.42,100,19542.5,14542.5,-3.196
34,33,190.29,13.98,4994.57,217,,Winter,Tuesday,224.59,82,18416.74,14316.74,-1.2059
34,34,190.29,185.42,1700.53,75,,Summer,Thursday,197.73,92,18191.35,13591.35,-1.0196
34,35,190.29,167.63,3766.1,385,Discount,Summer,Monday,153.36,150,23004.35,15504.35,-2.8095
34,36,190.29,121.28,4052.66,114,,Spring,Saturday,179.09,90,16118.1,11618.1,-2.3844
34,37,190.29,211.82,4304.31,149,,Fall,Friday,163.12,110,17943.17,12443.17,-2.492
34,38,190.29,202.39,4988.38,123,Bundle,Summer,Sunday,222.61,111,24709.64,19159.64,0.0249
34,39,190.29,148.41,1283.33,241,,Winter,Tuesday,160.15,118,18897.41,12997.41,-0.2248
34,40,190.29,217.73,297.72,220,Bundle,Fall,Sunday,181.74,106,19264.55,13964.55,-0.7542
35,1,193.47,55.43,2114.84,322,Discount,Fall,Saturday,172.27,124,21361.91,15161.91,-1.5
35,2,193.47,32.42,737.4,426,Discount,Summer,Friday,220.3,125,27537.78,21287.78,0.0289
35,3,193.47,71.09,209.89,236,,Spring,Friday,178.66,88,15721.68,11321.68,1.5658
35,4,193.47,18.99,1866.09,72,,Fall,Thursday,231.54,69,15976.04,12526.04,-0.7294
35,5,193.47,135.14,3940.32,440,Discount,Spring,Tuesday,157.76,139,21929.27,14979.27,-3.184
35,6,193.47,234.47,2874.29,477,,Summer,Tuesday,164.7,130,21411.41,14911.41,-1.4722
35,7,193.47,14.64,1632.61,230,,Winter,Saturday,172.16,90,15494.44,10994.44,-6.7958
35,8,193.47,34.92,3306.28,376,,Fall,Friday,217.55,93,20231.78,15581.78,0.1264
35,9,193.47,115.79,1236.89,157,,Winter,Tuesday,222.76,91,20271.41,15721.41,-0.8968
35,10,193.47,233.8,170.47,384,Bundle,Spring,Tuesday,160.31,136,21801.55,15001.55,-1.7637
35,11,193.47,82.46,3845.33,211,Discount,Spring,Sunday,157.29,120,18874.57,12874.57,6.2501
35,12,193.47,129.27,3156.34,351,,Winter,Saturday,212.4,102,21664.38,16564.38,-0.4281
35,13,193.47,15.19,3835.28,255,,Summer,Thursday,165.1,108,17830.36,12430.36,-0.2641
35,14,193.47,41.34,290.8,127,Discount,Summer,Sunday,165.07,114,18817.82,13117.82,-335.3508
35,15,193.47,246.72,4201.89,65,,Fall,Sunday,156.51,96,15024.67,10224.67,3.0442
35,16,193.47,241.45,3135.68,376,Bundle,Fall,Wednesday,158.63,129,20463.35,14013.35,25.3336
35,17,193.47,6.21,2860.64,145,,Summer,Monday,175.18,83,14540.06,10390.06,-3.4177
35,18,193.47,238.19,3160.61,196,,Summer,Wednesday,159.81,124,19816.03,13616.03,-5.6284
35,19,193.47,161.58,4335.72,51,,Winter,Tuesday,183.32,96,17599.0,12799.0,-1.5345
35,20,193.47,217.64,2975.99,59,Bundle,Spring,Friday,219.22,106,23237.63,17937.63,0.5319
35,21,193.47,116.41,2946.66,483,,Spring,Monday,180.03,116,20883.4,15083.4,-0.5277
35,22,193.47,131.32,4954.33,174,,Fall,Monday,211.1,87,18365.85,14015.85,-1.4485
35,23,193.47,124.77,3807.98,130,,Summer,Friday,162.04,102,16528.44,11428.44,-0.7419
35,24,193.47,168.38,2267.24,189,Discount,Winter,Monday,205.8,121,24902.26,18852.26,0.6898
35,25,193.47,39.21,3566.25,375,Discount,Fall,Friday,179.29,114,20438.89,14738.89,0.449
35,26,193.47,12.34,2007.23,199,,Winter,Monday,212.8,87,18513.42,14163.42,-1.2672
35,27,193.47,80.44,1221.49,337,,Summer,Sunday,165.32,113,18681.2,13031.2,-1.3395
35,28,193.47,177.65,3024.57,410,,Summer,Saturday,224.26,111,24893.03,19343.03,-0.0496
35,29,193.47,54.45,4648.09,389,,Summer,Saturday,173.55,114,19784.55,14084.55,-0.1195
35,30,193.47,169.99,4652.78,178,,Spring,Wednesday,182.1,96,17482.05,12682.05,-3.2027
35,31,193.47,242.63,1775.34,487,,Summer,Sunday,228.31,115,26255.5,20505.5,0.7801
35,32,193.47,28.01,2685.62,288,,Fall,Monday,199.54,82,16362.58,12262.58,2.2776
35,33,193.47,169.79,1137.02,107,,Spring,Thursday,183.08,97,17758.99,12908.99,-2.2174
35,34,193.47,113.72,4978.59,247,,Winter,Friday,228.26,94,21456.81,16756.81,-0.1253
35,35,193.47,217.69,4907.48,260,Discount,Fall,Sunday,180.24,130,23431.55,16931.55,-1.8205
35,36,193.47,48.4,3282.59,451,,Fall,Monday,162.12,108,17508.74,12108.74,1.6829
35,37,193.47,174.69,4041.63,439,,Winter,Saturday,231.92,107,24815.47,19465.47,-0.0215
35,38,193.47,210.34,3603.99,94,,Spring,Saturday,175.5,106,18603.43,13303.43,0.0384
35,39,193.47,236.43,3006.48,146,,Fall,Friday,220.65,96,21182.71,16382.71,-0.3667
35,40,193.47,172.4,361.41,328,,Fall,Thursday,167.59,104,17429.04,12229.04,-0.3465
36,1,163.6,126.81,2328.35,72,Discount,Fall,Monday,178.73,106,18945.9,13645.9,-1.5
36,2,163.6,156.37,3406.45,459,,Spring,Monday,165.2,120,19823.45,13823.45,-1.7435
36,3,163.6,217.88,3419.9,440,,Spring,Thursday,195.07,117,22822.62,16972.62,-0.1383
36,4,163.6,144.8,1928.3,384,,Spring,Thursday,167.05,112,18709.89,13109.89,0.2976
36,5,163.6,12.44,4714.29,93,Discount,Fall,Thursday,132.51,116,15371.55,9571.55,-0.1727
36,6,163.6,233.08,920.05,76,,Summer,Saturday,170.39,103,17550.49,12400.49,-0.392
36,7,163.6,173.93,2551.76,331,,Winter,Friday,140.39,117,16425.12,10575.12,-0.7718
36,8,163.6,170.75,3485.33,146,,Summer,Sunday,183.13,102,18679.41,13579.41,-0.4211
36,9,163.6,57.84,3515.97,85,,Spring,Thursday,186.93,93,17384.37,12734.37,-4.2554
36,10,163.6,166.43,3278.33,158,Bundle,Fall,Friday,162.42,113,18353.88,12703.88,-1.6405
36,11,163.6,101.5,1448.91,104,Discount,Fall,Wednesday,182.13,109,19852.06,14402.06,-0.2918
36,12,163.6,164.55,865.41,241,,Summer,Monday,140.37,120,16844.66,10844.66,-0.4402
36,13,163.6,31.12,3216.11,268,,Summer,Monday,163.08,108,17612.33,12212.33,-0.6182
36,14,163.6,166.17,3036.58,234,Bundle,Winter,Tuesday,156.66,126,19738.58,13438.58,-4.2324
36,15,163.6,249.86,978.84,118,,Fall,Wednesday,170.88,101,17258.87,12208.87,-2.1851
36,16,163.6,16.81,3555.18,366,,Summer,Sunday,133.79,109,14582.77,9132.77,-0.3649
36,17,163.6,244.41,2330.34,179,Bundle,Winter,Thursday,180.09,124,22331.65,16131.65,0.3976
36,18,163.6,104.69,3372.03,104,Discount,Spring,Thursday,136.05,120,16326.54,10326.54,0.1319
36,19,163.6,218.33,4203.1,427,,Summer,Sunday,173.83,126,21903.17,15603.17,0.1801
36,20,163.6,196.68,931.67,146,,Spring,Saturday,132.08,116,15321.77,9521.77,0.3304
36,21,163.6,143.92,193.81,385,,Winter,Wednesday,185.31,112,20755.13,15155.13,-0.0856
36,22,163.6,185.92,3917.6,136,Discount,Spring,Thursday,142.31,126,17930.86,11630.86,-0.5386
36,23,163.6,220.24,3087.52,343,,Fall,Tuesday,164.61,115,18930.11,13180.11,-0.5571
36,24,163.6,104.01,3528.23,168,,Fall,Friday,147.99,99,14650.81,9700.81,1.3779
36,25,163.6,85.12,4206.96,257,,Spring,Monday,178.17,101,17994.68,12944.68,0.0991
36,26,163.6,168.56,4033.77,383,,Fall,Wednesday,151.91,109,16557.65,11107.65,-0.5374
36,27,163.6,202.92,4808.51,462,,Winter,Monday,178.29,122,21751.81,15651.81,0.6866
36,28,163.6,191.76,2726.08,203,,Fall,Friday,149.52,110,16446.96,10946.96,0.6094
36,29,163.6,200.46,2493.63,84,,Spring,Wednesday,180.12,93,16750.87,12100.87,-0.7552
36,30,163.6,111.72,2069.25,128,,Spring,Friday,132.88,99,13155.04,8205.04,-0.246
36,31,163.6,205.37,853.09,116,Bundle,Spring,Thursday,149.42,117,17481.65,11631.65,1.461
36,32,163.6,34.45,2905.78,392,,Summer,Sunday,163.51,114,18639.69,12939.69,-0.2719
36,33,163.6,138.4,1457.36,462,Discount,Spring,Thursday,133.83,150,20073.75,12573.75,-1.7396
36,34,163.6,6.41,4614.41,83,Bundle,Winter,Sunday,143.05,98,14018.91,9118.91,-5.029
36,35,163.6,84.52,2957.63,146,,Fall,Thursday,192.03,93,17858.87,13208.87,-0.149
36,36,163.6,94.78,3004.92,218,,Fall,Friday,194.8,98,19090.27,14190.27,3.73
36,37,163.6,102.06,1839.13,218,Bundle,Summer,Friday,179.28,123,22051.97,15901.97,-3.2031
36,38,163.6,175.39,354.75,200,,Summer,Friday,147.38,108,15917.03,10517.03,0.6853
36,39,163.6,100.2,255.54,120,,Winter,Monday,147.92,97,14348.65,9498.65,-27.5796
36,40,163.6,114.93,2174.34,52,,Spring,Friday,173.14,83,14370.27,10220.27,-0.8468
37,1,67.88,63.2,514.37,363,,Summer,Thursday,57.49,114,6554.34,854.34,-1.5
37,2,67.88,96.45,3073.55,81,Discount,Fall,Tuesday,80.05,126,10086.11,3786.11,0.2683
37,3,67.88,60.68,4416.77,336,Discount,Summer,Friday,60.41,150,9060.77,1560.77,-0.7762
37,4,67.88,22.93,4426.28,131,Discount,Summer,Tuesday,81.44,134,10913.23,4213.23,-0.3063
37,5,67.88,152.84,3329.32,92,,Spring,Sunday,67.76,117,7928.01,2078.01,0.7552
37,6,67.88,168.71,1135.04,440,,Summer,Thursday,75.25,150,11286.92,3786.92,2.5533
37,7,67.88,156.78,4328.68,154,,Winter,Friday,54.36,120,6523.27,523.27,0.7206
37,8,67.88,118.56,4441.86,50,,Fall,Monday,78.43,99,7764.7,2814.7,-0.3952
37,9,67.88,98.05,1063.6,110,,Spring,Monday,61.63,112,6902.79,1302.79,-0.6131
37,10,67.88,216.52,3713.39,319,,Fall,Sunday,72.44,127,9199.4,2849.4,0.764
37,11,67.88,132.18,1503.95,229,,Winter,Tuesday,76.19,116,8838.55,3038.55,-1.6694
37,12,67.88,122.4,4032.94,273,,Winter,Saturday,58.76,129,7579.78,1129.78,-0.4897
37,13,67.88,11.28,4986.47,55,,Summer,Monday,66.32,102,6764.2,1664.2,-1.6272
37,14,67.88,88.61,247.13,152,,Summer,Monday,67.71,113,7651.15,2001.15,5.132
37,15,67.88,98.15,4497.09,59,,Summer,Monday,62.78,113,7093.64,1443.64,-0.0
37,16,67.88,102.71,3150.89,120,,Fall,Thursday,67.38,103,6940.27,1790.27,-1.2062
37,17,67.88,147.14,4869.57,139,,Winter,Monday,62.92,111,6984.44,1434.44,-1.1738
37,18,67.88,135.73,2378.55,275,Discount,Spring,Wednesday,64.1,147,9422.09,2072.09,17.3982
37,19,67.88,153.94,4252.2,207,Discount,Summer,Friday,72.47,156,11305.95,3505.95,0.4684
37,20,67.88,192.4,405.73,277,Bundle,Fall,Sunday,71.48,140,10006.73,3006.73,7.4522
37,21,67.88,204.18,1742.87,454,,Summer,Monday,60.61,146,8848.69,1548.69,-0.2818
37,22,67.88,180.94,428.38,175,,Winter,Saturday,78.67,115,9046.88,3296.88,-0.7125
37,23,67.88,239.1,4879.18,493,,Spring,Saturday,77.73,140,10881.72,3881.72,-18.1553
37,24,67.88,9.47,4103.17,258,Discount,Winter,Monday,68.12,131,8924.14,2374.14,0.5203
37,25,67.88,52.97,4277.48,146,,Fall,Monday,66.06,107,7068.88,1718.88,6.0618
37,26,67.88,6.85,4696.03,123,Discount,Summer,Wednesday,64.53,141,9099.18,2049.18,-13.7102
37,27,67.88,163.63,517.01,164,,Winter,Monday,73.5,125,9188.01,2938.01,-0.8163
37,28,67.88,225.02,1989.43,240,Bundle,Fall,Monday,72.54,147,10663.01,3313.01,-13.3835
37,29,67.88,64.65,448.07,219,Bundle,Summer,Friday,59.63,137,8169.0,1319.0,0.3822
37,30,67.88,232.12,1132.89,356,,Spring,Saturday,72.53,133,9646.73,2996.73,-0.1349
37,31,67.88,19.77,1223.89,497,,Winter,Wednesday,61.15,130,7950.15,1450.15,0.1438
37,32,67.88,233.94,2398.63,253,,Summer,Saturday,54.81,138,7563.11,663.11,-0.5927
37,33,67.88,91.15,1415.95,105,,Summer,Wednesday,73.29,108,7914.81,2514.81,-0.6447
37,34,67.88,29.85,594.79,257,,Summer,Saturday,71.81,107,7683.44,2333.44,0.4593
37,35,67.88,124.04,920.71,90,,Summer,Monday,65.46,119,7789.15,1839.15,-1.2677
37,36,67.88,67.91,821.65,81,,Winter,Saturday,68.57,118,8091.73,2191.73,-0.1764
37,37,67.88,74.79,4868.08,64,,Summer,Saturday,80.02,114,9122.0,3422.0,-0.2031
37,38,67.88,80.29,3820.53,111,,Fall,Wednesday,70.46,96,6764.29,1964.29,1.3221
37,39,67.88,201.74,4842.03,204,,Winter,Sunday,72.16,123,8876.08,2726.08,11.6442
37,40,67.88,137.09,2254.73,333,,Summer,Tuesday,56.04,129,7228.71,778.71,-0.2183
38,1,28.56,81.27,1464.01,258,,Winter,Wednesday,24.74,115,2845.37,-2904.63,-1.5
38,2,28.56,154.53,4011.64,369,Discount,Fall,Wednesday,26.28,149,3916.31,-3533.69,4.745
38,3,28.56,180.46,1698.64,236,,Fall,Wednesday,29.01,125,3625.94,-2624.06,-1.5545
38,4,28.56,71.79,1566.98,491,Discount,Winter,Thursday,31.72,161,5106.47,-2943.53,3.0831
38,5,28.56,106.32,1239.28,179,,Summer,Sunday,26.52,119,3155.37,-2794.63,1.5907
38,6,28.56,34.86,735.43,176,,Summer,Thursday,26.92,111,2987.8,-2562.2,-4.4406
38,7,28.56,49.38,1356.67,341,,Fall,Thursday,25.77,126,3247.3,-3052.7,-3.1769
38,8,28.56,171.87,1841.07,163,,Summer,Wednesday,25.75,127,3270.83,-3079.17,-11.6155
38,9,28.56,49.45,3402.57,248,,Fall,Tuesday,33.69,114,3840.1,-1859.9,-0.3324
38,10,28.56,133.67,406.57,62,,Summer,Wednesday,30.11,116,3492.18,-2307.82,-0.1651
38,11,28.56,178.72,1131.48,320,,Fall,Monday,24.63,125,3078.38,-3171.62,-0.4264
38,12,28.56,31.18,4064.22,138,,Spring,Tuesday,31.1,119,3700.48,-2249.52,-0.1827
38,13,28.56,143.99,819.92,264,,Summer,Thursday,31.09,126,3917.83,-2382.17,-704.0801
38,14,28.56,67.86,1778.96,493,Discount,Summer,Saturday,30.46,163,4964.87,-3185.13,-14.389
38,15,28.56,240.92,4336.83,327,,Summer,Saturday,24.39,144,3511.45,-3688.55,0.5845
38,16,28.56,123.47,859.13,496,,Winter,Sunday,27.51,129,3548.36,-2901.64,-0.8137
38,17,28.56,202.47,505.41,252,Discount,Summer,Friday,24.07,161,3874.57,-4175.43,-1.9829
38,18,28.56,139.81,2474.24,123,,Winter,Sunday,32.17,114,3667.89,-2032.11,-0.8664
38,19,28.56,15.64,1581.86,74,Discount,Winter,Tuesday,30.33,138,4185.57,-2714.43,-3.6728
38,20,28.56,160.12,2860.7,150,,Fall,Thursday,28.64,114,3264.96,-2435.04,3.1207
38,21,28.56,238.09,4038.64,225,,Winter,Tuesday,26.76,139,3720.26,-3229.74,-3.3487
38,22,28.56,152.39,772.03,476,Bundle,Winter,Tuesday,24.95,153,3817.48,-3832.52,-1.4864
38,23,28.56,205.7,2945.43,166,,Spring,Saturday,24.06,125,3007.77,-3242.23,5.1378
38,24,28.56,221.63,2576.99,215,Discount,Summer,Wednesday,33.92,161,5460.78,-2589.22,0.7031
38,25,28.56,60.88,805.99,90,,Winter,Monday,25.13,107,2688.56,-2661.44,1.2941
38,26,28.56,56.95,3157.59,478,,Summer,Friday,23.53,137,3223.63,-3626.37,-4.4123
38,27,28.56,154.69,1440.84,393,Discount,Winter,Thursday,33.83,165,5582.17,-2667.83,0.4668
38,28,28.56,105.7,2490.39,473,,Fall,Tuesday,29.12,137,3989.01,-2860.99,1.2178
38,29,28.56,210.77,503.13,415,Discount,Spring,Friday,31.95,160,5111.43,-2888.57,1.7276
38,30,28.56,225.51,2351.96,169,,Winter,Tuesday,23.35,131,3058.34,-3491.66,0.6733
38,31,28.56,91.59,1601.67,146,,Summer,Saturday,29.32,114,3342.76,-2357.24,-0.5069
38,32,28.56,63.03,4129.67,194,,Fall,Monday,27.39,111,3040.84,-2509.16,0.4003
38,33,28.56,196.23,379.2,265,Discount,Summer,Saturday,31.66,151,4781.32,-2768.68,2.3123
38,34,28.56,72.33,2151.18,278,,Fall,Friday,23.29,122,2840.78,-3259.22,0.7257
38,35,28.56,206.54,2346.31,362,,Spring,Thursday,27.43,141,3868.29,-3181.71,0.8739
38,36,28.56,108.82,3652.53,179,Discount,Fall,Tuesday,31.97,140,4476.37,-2523.63,-0.0429
38,37,28.56,168.55,2914.01,401,Discount,Summer,Monday,28.82,161,4639.53,-3410.47,-1.5192
38,38,28.56,28.41,3369.34,426,,Summer,Saturday,29.13,133,3874.2,-2775.8,-16.0463
38,39,28.56,157.85,3907.54,367,,Winter,Friday,23.96,133,3186.16,-3463.84,-0.0
38,40,28.56,115.68,4324.79,186,,Fall,Saturday,24.36,123,2996.01,-3153.99,-4.4839
39,1,140.0,148.72,1637.99,373,,Summer,Tuesday,149.92,128,19189.32,12789.32,-1.5
39,2,140.0,46.16,2736.31,386,,Winter,Tuesday,149.81,105,15729.75,10479.75,246.3019
39,3,140.0,185.53,4216.53,322,,Spring,Thursday,166.83,108,18018.17,12618.17,0.2514
39,4,140.0,216.39,4948.31,166,,Summer,Monday,151.87,107,16250.52,10900.52,0.1033
39,5,140.0,58.1,4458.64,355,Discount,Winter,Wednesday,139.63,137,19128.75,12278.75,-3.4766
39,6,140.0,28.45,1920.19,417,Discount,Summer,Saturday,160.02,135,21602.06,14852.06,-0.1
39,7,140.0,10.79,1056.32,143,,Fall,Tuesday,117.85,91,10724.72,6174.72,1.237
39,8,140.0,162.28,2498.02,217,,Winter,Friday,137.16,112,15362.45,9762.45,1.4084
39,9,140.0,153.74,3734.04,491,,Fall,Saturday,128.08,116,14857.51,9057.51,-0.5393
39,10,140.0,138.94,2513.59,252,,Spring,Thursday,117.86,103,12139.92,6989.92,1.4047
39,11,140.0,61.83,2467.59,390,Discount,Fall,Thursday,154.76,125,19345.11,13095.11,0.6823
39,12,140.0,100.77,4207.33,198,,Winter,Tuesday,140.61,97,13639.04,8789.04,2.4495
39,13,140.0,150.65,1870.88,451,,Summer,Tuesday,143.18,119,17038.83,11088.83,12.3858
39,14,140.0,126.71,4312.99,232,,Winter,Tuesday,135.03,112,15123.85,9523.85,1.0336
39,15,140.0,247.01,2093.34,462,,Fall,Sunday,137.78,125,17222.89,10972.89,5.7022
39,16,140.0,38.43,1708.34,201,,Fall,Wednesday,118.5,89,10546.55,6096.55,2.0579
39,17,140.0,175.31,2324.55,123,,Summer,Tuesday,149.69,113,16914.74,11264.74,1.0246
39,18,140.0,104.06,3835.99,414,,Spring,Saturday,136.22,114,15529.22,9829.22,-0.0984
39,19,140.0,109.91,717.41,450,,Winter,Saturday,157.74,108,17036.33,11636.33,-0.3331
39,20,140.0,180.81,1062.45,323,Discount,Summer,Sunday,123.0,145,17834.4,10584.4,-1.5553
39,21,140.0,174.65,4762.08,91,Discount,Summer,Sunday,123.49,134,16547.24,9847.24,-19.0028
39,22,140.0,247.86,959.91,261,,Summer,Monday,148.17,115,17039.21,11289.21,-0.7094
39,23,140.0,36.46,2881.86,150,,Winter,Friday,159.38,99,15778.72,10828.72,-1.8383
39,24,140.0,30.51,2938.64,94,,Winter,Tuesday,138.45,90,12460.26,7960.26,0.6921
39,25,140.0,182.46,2499.16,131,,Winter,Saturday,152.71,108,16493.12,11093.12,1.9408
39,26,140.0,146.7,3259.25,66,,Spring,Sunday,167.97,89,14949.12,10499.12,-1.7613
39,27,140.0,72.17,1226.15,122,,Summer,Saturday,167.46,96,16076.16,11276.16,-26.0255
39,28,140.0,24.46,2808.05,63,,Fall,Saturday,153.69,86,13217.13,8917.13,1.2666
39,29,140.0,25.99,1923.65,482,,Fall,Sunday,153.42,107,16416.1,11066.1,-141.0693
39,30,140.0,224.08,3342.17,206,,Summer,Wednesday,125.87,121,15230.33,9180.33,-0.7286
39,31,140.0,52.01,792.0,272,,Fall,Sunday,158.68,94,14916.21,10216.21,-0.856
39,32,140.0,84.23,2897.3,181,Discount,Spring,Sunday,134.69,121,16297.47,10247.47,-1.8997
39,33,140.0,60.53,1007.82,387,,Spring,Friday,165.88,98,16255.92,11355.92,-0.8209
39,34,140.0,91.97,1465.35,453,,Winter,Sunday,116.56,122,14220.75,8120.75,-0.8238
39,35,140.0,22.01,1171.68,425,,Winter,Thursday,136.41,104,14186.77,8986.77,-0.8665
39,36,140.0,132.17,995.91,425,Discount,Winter,Sunday,143.13,135,19322.74,12572.74,6.0506
39,37,140.0,21.57,4145.98,96,Discount,Winter,Saturday,134.69,128,17240.69,10840.69,0.8795
39,38,140.0,201.09,1499.97,156,Discount,Winter,Tuesday,123.8,137,16960.08,10110.08,-0.8691
39,39,140.0,62.26,4642.91,157,,Fall,Saturday,145.21,98,14230.76,9330.76,-1.6456
39,40,140.0,137.3,4852.64,314,,Fall,Friday,154.34,111,17131.31,11581.31,2.1111
40,1,93.63,220.62,2899.18,254,Discount,Winter,Thursday,99.05,150,14858.01,7358.01,-1.5
40,2,93.63,164.46,800.71,128,,Spring,Sunday,83.68,110,9205.2,3705.2,1.7186
40,3,93.63,135.57,1935.29,204,,Fall,Wednesday,102.3,106,10844.12,5544.12,-0.1634
40,4,93.63,84.46,4008.89,320,Discount,Spring,Monday,84.52,150,12678.66,5178.66,-2.3886
40,5,93.63,86.59,1900.21,296,,Spring,Sunday,81.46,112,9124.06,3524.06,6.9985
40,6,93.63,169.02,526.38,68,,Summer,Tuesday,100.77,112,11286.22,5686.22,0.0
40,7,93.63,248.56,2828.25,395,,Summer,Monday,106.47,138,14692.43,7792.43,4.1061
40,8,93.63,167.15,4241.09,485,,Winter,Wednesday,92.94,135,12546.58,5796.58,0.1711
40,9,93.63,141.66,4000.04,75,,Spring,Friday,94.8,113,10712.93,5062.93,-8.1119
40,10,93.63,184.01,958.1,266,,Fall,Friday,86.24,115,9917.78,4167.78,-0.196
40,11,93.63,118.98,3396.55,203,Discount,Summer,Wednesday,93.43,145,13546.97,6296.97,3.1308
40,12,93.63,19.73,1180.47,203,,Summer,Saturday,79.85,101,8064.46,3014.46,2.0875
40,13,93.63,142.76,1169.22,223,Discount,Spring,Wednesday,110.7,143,15830.18,8680.18,1.0761
40,14,93.63,239.62,4382.95,141,,Summer,Sunday,104.88,128,13424.38,7024.38,1.9943
40,15,93.63,47.95,1323.38,482,,Summer,Tuesday,99.92,122,12190.22,6090.22,0.9915
40,16,93.63,174.05,1389.91,387,Discount,Fall,Thursday,95.06,148,14068.79,6668.79,-4.3812
40,17,93.63,54.23,103.2,230,Discount,Spring,Sunday,104.57,133,13907.97,7257.97,-1.0129
40,18,93.63,136.28,4366.28,180,,Summer,Sunday,93.43,113,10557.89,4907.89,1.4118
40,19,93.63,28.69,3983.71,499,Discount,Spring,Sunday,86.14,145,12489.96,5239.96,-3.627
40,20,93.63,115.34,3173.91,347,Discount,Summer,Monday,80.91,144,11650.96,4450.96,0.1136
40,21,93.63,190.26,3776.3,324,Discount,Fall,Monday,99.16,151,14972.6,7422.6,0.2155
40,22,93.63,90.16,845.04,322,,Spring,Friday,109.71,116,12726.55,6926.55,-2.1774
40,23,93.63,167.9,2345.79,466,Discount,Summer,Sunday,80.66,159,12824.37,4874.37,-1.3997
40,24,93.63,199.89,1820.97,125,Bundle,Fall,Saturday,81.65,126,10287.29,3987.29,-16.9313
40,25,93.63,232.16,559.5,226,Discount,Summer,Friday,91.14,150,13671.36,6171.36,1.6375
40,26,93.63,62.49,2482.04,233,,Spring,Tuesday,105.12,102,10722.53,5622.53,-2.0862
40,27,93.63,102.83,4611.62,368,,Summer,Wednesday,85.91,125,10738.88,4488.88,-1.2338
40,28,93.63,42.34,296.29,180,,Spring,Monday,84.41,99,8356.85,3406.85,11.9255
40,29,93.63,248.16,1528.16,412,,Spring,Sunday,98.12,135,13246.46,6496.46,2.239
40,30,93.63,232.12,1116.95,98,Bundle,Summer,Tuesday,94.96,140,13294.79,6294.79,-1.1504
40,31,93.63,137.29,1266.92,104,,Fall,Friday,77.16,112,8641.76,3041.76,1.0667
40,32,93.63,211.3,4551.33,203,,Winter,Friday,77.96,119,9276.66,3326.66,6.0539
40,33,93.63,132.63,2393.54,404,Bundle,Fall,Monday,98.99,133,13165.01,6515.01,0.4361
40,34,93.63,157.78,2384.87,249,,Fall,Friday,92.32,117,10801.77,4951.77,1.7874
40,35,93.63,26.84,3826.82,357,,Summer,Saturday,111.27,119,13240.87,7290.87,0.0833
40,36,93.63,190.04,857.01,405,,Fall,Friday,100.32,113,11335.62,5685.62,0.5122
40,37,93.63,36.29,2487.6,422,,Fall,Thursday,75.28,120,9033.65,3033.65,-0.2482
40,38,93.63,207.39,2206.93,167,,Winter,Wednesday,92.92,113,10499.74,4849.74,-0.249
40,39,93.63,196.6,3024.86,312,Bundle,Fall,Friday,90.42,135,12207.36,5457.36,-7.2559
40,40,93.63,178.64,4997.83,95,,Winter,Thursday,78.9,124,9783.57,3583.57,0.6393
41,1,33.19,13.86,3870.3,351,,Summer,Tuesday,38.81,131,5083.5,-1466.5,-1.5
41,2,33.19,79.27,2049.54,405,,Winter,Friday,37.24,137,5101.37,-1748.63,-1.1327
41,3,33.19,69.46,4155.01,449,,Spring,Saturday,29.6,126,3730.13,-2569.87,0.3917
41,4,33.19,93.23,936.47,457,,Spring,Tuesday,29.95,127,3803.39,-2546.61,0.6835
41,5,33.19,26.47,249.27,238,,Winter,Sunday,26.97,115,3102.11,-2647.89,0.9518
41,6,33.19,234.55,1101.8,359,,Spring,Friday,30.49,137,4176.95,-2673.05,1.4686
41,7,33.19,140.68,1768.02,367,Discount,Summer,Monday,34.31,162,5558.32,-2541.68,1.4557
41,8,33.19,79.85,2601.85,178,,Spring,Thursday,32.14,124,3984.92,-2215.08,3.7018
41,9,33.19,102.26,3114.13,98,,Winter,Thursday,39.42,112,4414.66,-1185.34,-0.4272
41,10,33.19,114.56,4561.97,74,Discount,Summer,Monday,27.29,143,3903.08,-3246.92,-0.9
41,11,33.19,152.15,2598.28,315,,Spring,Wednesday,34.4,136,4678.53,-2121.47,-0.188
41,12,33.19,131.34,2556.25,167,,Summer,Sunday,37.94,119,4515.31,-1434.69,-1.2138
41,13,33.19,230.25,346.19,193,,Winter,Saturday,32.93,134,4412.83,-2287.17,-0.9542
41,14,33.19,126.76,271.07,491,,Spring,Thursday,26.59,135,3589.53,-3160.47,-0.0387
41,15,33.19,248.08,2800.68,249,,Summer,Tuesday,29.77,141,4197.99,-2852.01,0.3712
41,16,33.19,213.6,2247.08,206,,Summer,Saturday,30.85,130,4010.22,-2489.78,-2.161
41,17,33.19,56.09,4211.98,397,,Spring,Thursday,39.37,129,5079.16,-1370.84,-0.0278
41,18,33.19,233.0,887.33,183,,Summer,Sunday,38.65,129,4986.3,-1463.7,-0.0
41,19,33.19,33.51,222.36,449,,Summer,Wednesday,39.15,122,4776.3,-1323.7,-4.225
41,20,33.19,205.28,2300.29,197,,Winter,Sunday,37.51,132,4951.54,-1648.46,-1.9588
41,21,33.19,98.25,1263.64,385,Discount,Winter,Tuesday,31.22,144,4495.38,-2704.62,-0.5418
41,22,33.19,220.1,343.11,120,Bundle,Winter,Sunday,38.58,137,5284.81,-1565.19,-0.2063
41,23,33.19,217.67,3650.53,282,Discount,Winter,Saturday,39.58,162,6412.22,-1687.78,6.9949
41,24,33.19,202.45,646.81,383,,Winter,Tuesday,31.2,142,4429.97,-2670.03,0.5828
41,25,33.19,198.56,3080.77,348,,Winter,Monday,30.01,145,4351.26,-2898.74,-0.5546
41,26,33.19,79.65,1477.14,203,,Spring,Friday,33.81,126,4260.07,-2039.93,-1.0344
41,27,33.19,24.83,950.13,139,,Winter,Monday,29.03,120,3484.11,-2515.89,0.3371
41,28,33.19,103.73,1960.78,383,,Summer,Saturday,26.98,136,3669.67,-3130.33,-1.8872
41,29,33.19,47.51,4027.08,248,,Spring,Friday,39.11,123,4809.99,-1340.01,-0.2128
41,30,33.19,175.26,2021.26,210,,Summer,Monday,38.84,131,5087.9,-1462.1,-9.5368
41,31,33.19,89.79,3778.77,75,,Winter,Friday,28.71,120,3445.08,-2554.92,0.3219
41,32,33.19,244.02,714.88,170,Bundle,Winter,Thursday,31.96,143,4570.64,-2579.36,1.6913
41,33,33.19,162.04,3886.58,350,,Summer,Sunday,37.58,139,5223.86,-1726.14,-0.1591
41,34,33.19,206.51,1260.97,261,,Summer,Tuesday,35.32,132,4662.84,-1937.16,0.8385
41,35,33.19,37.47,3419.23,112,,Summer,Friday,31.79,115,3655.92,-2094.08,1.2873
41,36,33.19,216.19,2872.33,485,,Fall,Thursday,36.43,142,5172.86,-1927.14,1.6093
41,37,33.19,231.08,4652.81,117,,Fall,Sunday,38.46,133,5114.92,-1535.08,-1.1377
41,38,33.19,124.33,1997.88,302,,Fall,Sunday,38.84,124,4816.72,-1383.28,-6.7343
41,39,33.19,153.53,424.21,459,,Fall,Wednesday,31.58,132,4168.43,-2431.57,-0.3449
41,40,33.19,192.38,193.86,51,Discount,Spring,Monday,28.85,139,4010.68,-2939.32,-0.6145
42,1,104.08,47.84,4151.61,447,Discount,Winter,Wednesday,121.27,147,17826.91,10476.91,-1.5
42,2,104.08,128.13,2671.2,157,Bundle,Summer,Saturday,87.12,129,11238.52,4788.52,0.4348
42,3,104.08,102.67,3898.7,335,Discount,Winter,Thursday,113.31,144,16317.11,9117.11,0.3868
42,4,104.08,40.86,1248.69,98,,Summer,Wednesday,89.12,109,9713.67,4263.67,1.1382
42,5,104.08,95.05,1790.91,189,,Winter,Wednesday,99.48,117,11638.97,5788.97,0.6312
42,6,104.08,21.7,247.51,267,,Spring,Sunday,100.4,108,10843.35,5443.35,-8.2909
42,7,104.08,11.32,4811.31,93,,Fall,Thursday,89.88,90,8088.89,3588.89,1.5899
42,8,104.08,38.12,3372.55,466,,Winter,Sunday,121.68,109,13263.26,7813.26,0.5966
42,9,104.08,240.96,4672.7,318,Discount,Summer,Tuesday,83.38,163,13590.61,5440.61,-1.5738
42,10,104.08,139.63,1400.93,127,,Winter,Friday,120.48,108,13011.76,7611.76,-0.7583
42,11,104.08,241.63,3096.17,265,,Spring,Saturday,120.06,122,14647.78,8547.78,-37.5904
42,12,104.08,110.96,3424.65,431,,Spring,Saturday,96.46,131,12636.68,6086.68,-0.3753
42,13,104.08,81.39,1655.99,147,Bundle,Winter,Monday,112.59,117,13172.87,7322.87,-0.6393
42,14,104.08,129.0,4255.74,285,,Fall,Sunday,93.79,121,11348.86,5298.86,-0.2048
42,15,104.08,112.68,4741.09,331,Discount,Summer,Friday,114.86,142,16309.73,9209.73,0.7727
42,16,104.08,30.89,4435.79,198,Discount,Spring,Monday,106.63,136,14501.44,7701.44,0.5898
42,17,104.08,162.0,3721.43,461,Bundle,Spring,Saturday,95.77,147,14077.65,6727.65,-0.794
42,18,104.08,57.93,1459.58,353,Discount,Winter,Friday,99.93,133,13290.7,6640.7,-2.1905
42,19,104.08,156.8,1479.92,473,Discount,Spring,Wednesday,111.99,147,16462.43,9112.43,0.8723
42,20,104.08,164.3,4820.47,115,,Spring,Tuesday,120.99,117,14155.93,8305.93,-2.539
42,21,104.08,42.25,150.39,283,,Summer,Wednesday,88.71,122,10822.56,4722.56,-0.1602
42,22,104.08,20.03,3608.64,136,,Fall,Tuesday,107.05,99,10598.42,5648.42,-0.9116
42,23,104.08,196.29,3560.61,128,,Summer,Sunday,93.83,121,11353.49,5303.49,-1.799
42,24,104.08,117.65,3151.18,254,Bundle,Fall,Thursday,116.63,124,14462.22,8262.22,0.102
42,25,104.08,19.25,4951.53,328,,Summer,Monday,86.19,119,10256.74,4306.74,0.1545
42,26,104.08,248.74,1628.21,386,Discount,Winter,Monday,111.95,155,17352.33,9602.33,1.0122
42,27,104.08,19.16,1765.86,303,,Spring,Thursday,90.55,115,10413.31,4663.31,1.35
42,28,104.08,175.28,486.8,353,,Fall,Friday,108.1,119,12863.48,6913.48,0.1795
42,29,104.08,246.0,2269.71,429,Bundle,Winter,Thursday,118.06,142,16764.47,9664.47,2.097
42,30,104.08,63.6,1379.14,179,,Spring,Sunday,114.7,105,12043.87,6793.87,9.1659
42,31,104.08,39.85,1782.59,133,,Spring,Saturday,114.61,99,11346.84,6396.84,73.6435
42,32,104.08,34.74,4189.4,325,,Spring,Thursday,104.83,109,11426.1,5976.1,-1.1828
42,33,104.08,79.3,4683.87,236,,Summer,Tuesday,120.35,121,14562.56,8512.56,0.7433
42,34,104.08,29.76,1010.09,95,,Winter,Saturday,107.75,99,10667.42,5717.42,1.7367
42,35,104.08,174.58,1925.29,436,,Winter,Thursday,121.47,116,14090.09,8290.09,1.3491
42,36,104.08,20.26,4650.29,232,,Spring,Monday,106.02,103,10920.11,5770.11,0.8813
42,37,104.08,129.81,402.86,317,Discount,Fall,Wednesday,104.33,142,14815.14,7715.14,-23.7744
42,38,104.08,249.19,552.57,345,Discount,Winter,Tuesday,92.52,151,13971.16,6421.16,-0.56
42,39,104.08,204.42,897.68,371,,Summer,Sunday,105.95,133,14091.12,7441.12,-0.8216
42,40,104.08,155.73,3016.54,149,,Fall,Tuesday,89.12,105,9357.59,4107.59,1.3254
43,1,16.53,80.03,837.31,127,Discount,Fall,Friday,18.98,144,2732.94,-4467.06,-1.5
43,2,16.53,157.85,4843.57,321,,Fall,Wednesday,17.7,128,2265.23,-4134.77,1.6453
43,3,16.53,134.13,2288.9,388,,Fall,Tuesday,19.8,129,2554.01,-3895.99,0.0658
43,4,16.53,109.39,2557.44,211,,Winter,Thursday,13.84,125,1729.52,-4520.48,0.103
43,5,16.53,37.02,1308.63,93,Discount,Spring,Tuesday,14.82,139,2059.81,-4890.19,1.5771
43,6,16.53,222.22,2407.71,287,,Fall,Tuesday,19.03,142,2702.0,-4398.0,0.076
43,7,16.53,115.2,3343.38,183,,Summer,Tuesday,15.84,128,2027.66,-4372.34,0.5886
43,8,16.53,52.68,3780.77,241,,Summer,Friday,16.31,126,2055.18,-4244.82,-0.5268
43,9,16.53,95.1,3793.95,405,,Spring,Tuesday,18.92,129,2440.55,-4009.45,0.1489
43,10,16.53,106.46,2931.67,327,,Winter,Tuesday,16.68,124,2068.09,-4131.91,0.3272
43,11,16.53,207.75,4531.36,67,,Spring,Friday,14.51,123,1784.31,-4365.69,0.0619
43,12,16.53,184.74,4105.3,61,Discount,Fall,Saturday,19.13,138,2639.46,-4260.54,0.3829
43,13,16.53,193.48,3809.54,229,Bundle,Winter,Wednesday,13.43,141,1893.98,-5156.02,-0.073
43,14,16.53,7.7,372.47,172,,Winter,Sunday,19.15,114,2182.96,-3517.04,-0.45
43,15,16.53,106.96,133.7,295,,Fall,Saturday,13.56,120,1627.34,-4372.66,-0.1804
43,16,16.53,122.93,1140.99,271,,Summer,Monday,17.63,138,2433.03,-4466.97,0.4999
43,17,16.53,9.7,3351.27,422,Discount,Fall,Friday,13.7,145,1986.66,-5263.34,-0.2276
43,18,16.53,68.65,2114.87,100,Discount,Spring,Friday,17.9,143,2559.36,-4590.64,-0.045
43,19,16.53,191.27,2071.79,120,,Fall,Tuesday,13.45,126,1694.92,-4605.08,0.4786
43,20,16.53,38.59,4434.48,97,,Summer,Tuesday,18.8,124,2331.04,-3868.96,-0.0399
43,21,16.53,136.15,4488.26,68,Discount,Fall,Sunday,16.31,140,2283.2,-4716.8,-0.9741
43,22,16.53,57.72,4554.96,311,,Spring,Monday,13.85,132,1827.56,-4772.44,0.3783
43,23,16.53,7.97,1638.0,133,,Spring,Tuesday,17.9,114,2040.79,-3659.21,-0.4654
43,24,16.53,64.09,3486.17,204,,Summer,Thursday,16.46,131,2156.65,-4393.35,-1.8556
43,25,16.53,244.09,1431.0,102,,Spring,Tuesday,14.49,140,2028.59,-4971.41,-0.5732
43,26,16.53,201.38,1033.99,156,,Spring,Tuesday,13.33,127,1693.0,-4657.0,1.1607
43,27,16.53,240.1,1004.7,406,Discount,Fall,Thursday,15.99,165,2638.6,-5611.4,1.4991
43,28,16.53,124.52,1776.33,353,,Winter,Monday,13.79,133,1834.52,-4815.48,1.4109
43,29,16.53,31.89,2206.79,184,,Spring,Thursday,13.85,124,1717.38,-4482.62,-16.5252
43,30,16.53,139.25,4171.65,492,,Spring,Friday,15.0,154,2309.24,-5390.76,2.9259
43,31,16.53,116.32,687.47,118,,Summer,Thursday,17.4,126,2191.97,-4108.03,-1.1352
43,32,16.53,211.87,3701.14,60,,Summer,Wednesday,16.73,122,2041.26,-4058.74,0.8305
43,33,16.53,29.03,2704.13,192,,Fall,Friday,13.68,109,1491.48,-3958.52,0.5849
43,34,16.53,124.62,1510.93,241,Discount,Fall,Tuesday,19.63,153,3003.67,-4646.33,0.9286
43,35,16.53,41.76,2514.82,436,,Spring,Sunday,19.09,123,2348.61,-3801.39,7.1625
43,36,16.53,84.55,1569.72,427,,Winter,Friday,14.94,132,1972.27,-4627.73,-0.3364
43,37,16.53,185.65,3020.8,118,,Winter,Monday,14.04,125,1754.52,-4495.48,0.8752
43,38,16.53,121.62,2225.84,72,,Fall,Monday,19.46,114,2218.4,-3481.6,-0.2277
43,39,16.53,97.09,905.59,230,Discount,Summer,Thursday,16.28,154,2506.63,-5193.37,-2.1452
43,40,16.53,101.65,671.26,342,,Spring,Friday,15.28,119,1818.91,-4131.09,3.7296
44,1,182.77,117.56,2778.81,58,Bundle,Spring,Tuesday,182.07,98,17842.46,12942.46,-1.5
44,2,182.77,197.33,4521.82,320,,Winter,Monday,202.71,103,20879.21,15729.21,0.4499
44,3,182.77,223.56,1785.39,436,Discount,Fall,Saturday,158.53,136,21559.68,14759.68,-1.4699
44,4,182.77,239.06,3691.7,142,,Winter,Tuesday,202.33,104,21042.01,15842.01,-0.8516
44,5,182.77,197.79,3327.44,66,,Winter,Saturday,201.01,98,19698.74,14798.74,8.8461
44,6,182.77,82.27,4664.62,203,,Fall,Wednesday,185.65,97,18007.81,13157.81,0.1335
44,7,182.77,173.59,4122.81,454,,Summer,Saturday,209.52,119,24932.52,18982.52,1.764
44,8,182.77,112.21,2876.37,377,Discount,Spring,Monday,155.88,132,20575.83,13975.83,-0.4267
44,9,182.77,67.39,3319.45,198,Discount,Summer,Thursday,189.75,124,23529.15,17329.15,-0.2789
44,10,182.77,211.01,4502.09,426,,Fall,Wednesday,179.07,120,21488.09,15488.09,0.5729
44,11,182.77,14.41,2057.64,316,,Fall,Friday,177.09,91,16115.17,11565.17,21.8818
44,12,182.77,225.93,1701.29,471,,Spring,Tuesday,164.68,120,19761.72,13761.72,-4.548
44,13,182.77,118.06,152.97,377,Discount,Summer,Monday,173.43,131,22719.78,16169.78,1.7248
44,14,182.77,161.11,4150.1,155,,Spring,Wednesday,154.12,100,15412.34,10412.34,2.1254
44,15,182.77,166.54,4024.81,430,,Winter,Wednesday,164.61,123,20247.11,14097.11,3.3801
44,16,182.77,224.3,611.83,84,,Winter,Monday,166.1,104,17274.36,12074.36,-17.0778
44,17,182.77,160.98,2926.6,168,Discount,Winter,Friday,198.9,134,26653.07,19953.07,1.4606
44,18,182.77,155.41,2373.51,63,,Summer,Friday,149.77,100,14976.61,9976.61,1.0271
44,19,182.77,21.33,681.67,63,Discount,Winter,Thursday,193.82,111,21514.5,15964.5,0.3739
44,20,182.77,132.01,4904.78,315,Discount,Spring,Sunday,162.4,135,21924.49,15174.49,-1.3338
44,21,182.77,41.79,1152.01,189,,Summer,Saturday,152.2,99,15067.94,10117.94,4.2449
44,22,182.77,185.67,429.45,343,,Spring,Friday,168.21,108,18166.48,12766.48,0.8644
44,23,182.77,130.49,3014.75,413,Discount,Fall,Thursday,162.63,137,22279.97,15429.97,-8.0936
44,24,182.77,171.66,3720.45,168,,Summer,Saturday,186.57,108,20150.09,14750.09,-1.4375
44,25,182.77,15.21,258.97,287,Bundle,Spring,Wednesday,172.34,109,18785.49,13335.49,-0.1214
44,26,182.77,25.77,3327.72,83,,Spring,Monday,216.84,81,17563.95,13513.95,-0.995
44,27,182.77,180.5,2708.23,218,,Summer,Friday,216.66,103,22316.0,17166.0,-329.5955
44,28,182.77,22.66,606.0,59,Bundle,Fall,Thursday,178.66,86,15364.42,11064.42,0.9409
44,29,182.77,22.46,945.37,171,,Summer,Wednesday,204.34,89,18186.64,13736.64,0.2426
44,30,182.77,7.97,2883.07,450,,Winter,Friday,147.19,109,16043.35,10593.35,-0.8034
44,31,182.77,239.34,1552.15,194,Discount,Winter,Tuesday,186.27,143,26636.08,19486.08,1.1748
44,32,182.77,185.69,4697.75,495,,Fall,Sunday,200.56,116,23264.74,17464.74,-2.4608
44,33,182.77,91.55,4111.83,272,,Spring,Wednesday,162.08,104,16856.01,11656.01,0.5392
44,34,182.77,77.65,4919.48,420,,Spring,Friday,150.69,113,17027.84,11377.84,-1.2316
44,35,182.77,90.68,1372.39,306,Discount,Spring,Wednesday,157.62,123,19386.73,13236.73,1.9252
44,36,182.77,194.79,4851.65,317,Discount,Summer,Monday,178.52,138,24635.69,17735.69,0.9195
44,37,182.77,167.04,2213.05,408,,Summer,Monday,183.24,115,21072.22,15322.22,-6.3074
44,38,182.77,50.37,1802.84,53,Discount,Fall,Sunday,174.06,109,18972.82,13522.82,1.0421
44,39,182.77,47.66,346.71,475,Discount,Winter,Monday,178.38,130,23189.72,16689.72,7.763
44,40,182.77,29.11,358.55,446,,Spring,Saturday,180.59,98,17698.29,12798.29,-19.8475
45,1,59.17,166.77,3490.86,403,,Winter,Tuesday,65.55,128,8389.76,1989.76,-1.5
45,2,59.17,192.27,2343.85,155,,Summer,Monday,49.83,127,6327.82,-22.18,0.0326
45,3,59.17,69.94,1209.96,134,,Summer,Tuesday,65.53,114,7470.82,1770.82,-0.3247
45,4,59.17,10.13,3108.45,263,Discount,Summer,Monday,63.63,143,9099.45,1949.45,-8.7694
45,5,59.17,25.13,1339.0,170,Discount,Winter,Saturday,64.89,131,8500.28,1950.28,-4.2543
45,6,59.17,242.13,2930.4,181,,Fall,Wednesday,64.72,124,8024.96,1824.96,20.3688
45,7,59.17,77.38,1860.12,387,,Fall,Friday,58.47,115,6724.3,974.3,0.7521
45,8,59.17,193.46,4135.41,246,,Summer,Friday,52.34,131,6856.25,306.25,-1.3262
45,9,59.17,158.04,4121.41,68,,Spring,Monday,60.04,116,6964.07,1164.07,-0.7786
45,10,59.17,98.58,2439.02,179,,Winter,Friday,70.01,114,7980.84,2280.84,-0.1038
45,11,59.17,55.39,1819.01,61,,Summer,Monday,61.26,101,6187.6,1137.6,0.913
45,12,59.17,34.74,1876.54,130,,Winter,Monday,47.6,104,4949.99,-250.01,-0.1331
45,13,59.17,155.68,4048.0,379,,Winter,Sunday,48.75,135,6580.95,-169.05,12.3181
45,14,59.17,194.79,1708.08,403,Discount,Fall,Thursday,70.83,156,11049.94,3249.94,0.3434
45,15,59.17,162.76,1124.39,311,,Summer,Thursday,49.04,133,6521.97,-128.03,0.4791
45,16,59.17,134.92,514.97,441,,Fall,Sunday,48.42,130,6295.16,-204.84,1.8044
45,17,59.17,15.28,2386.8,174,,Summer,Thursday,55.69,112,6237.24,637.24,-0.9229
45,18,59.17,242.28,2462.45,356,,Winter,Tuesday,70.28,139,9768.32,2818.32,0.9204
45,19,59.17,200.68,4220.45,316,,Fall,Thursday,54.88,129,7079.1,629.1,0.3283
45,20,59.17,76.74,1184.07,496,,Winter,Monday,57.04,128,7300.53,900.53,-0.1971
45,21,59.17,245.09,1966.86,490,Discount,Summer,Saturday,62.34,173,10785.07,2135.07,3.779
45,22,59.17,152.46,4061.19,432,,Spring,Saturday,47.91,135,6467.2,-282.8,0.9486
45,23,59.17,147.69,4135.76,189,Discount,Fall,Wednesday,68.58,148,10150.16,2750.16,0.2231
45,24,59.17,188.28,1984.59,378,Bundle,Fall,Thursday,59.63,150,8944.25,1444.25,-0.1035
45,25,59.17,203.88,2349.71,51,Discount,Winter,Saturday,58.38,144,8407.11,1207.11,1.9148
45,26,59.17,165.84,1586.1,57,,Winter,Thursday,67.71,112,7583.03,1983.03,-1.3916
45,27,59.17,36.38,4669.52,299,Bundle,Spring,Wednesday,69.89,137,9575.11,2725.11,6.9145
45,28,59.17,87.88,681.35,188,,Fall,Saturday,57.36,112,6423.86,823.86,1.0174
45,29,59.17,232.38,4675.37,173,,Summer,Monday,51.42,131,6735.47,185.47,-1.638
45,30,59.17,60.03,3450.95,358,Discount,Summer,Tuesday,66.64,140,9329.62,2329.62,0.232
45,31,59.17,96.18,2704.7,277,,Fall,Sunday,56.88,113,6427.29,777.29,1.3166
45,32,59.17,110.86,260.03,59,,Fall,Sunday,69.48,98,6808.68,1908.68,-0.5993
45,33,59.17,112.65,2430.42,261,,Fall,Sunday,69.82,114,7959.03,2259.03,33.3908
45,34,59.17,155.17,2097.97,161,,Spring,Thursday,50.05,122,6106.37,6.37,-0.2479
45,35,59.17,236.05,889.97,57,,Summer,Saturday,69.97,125,8746.7,2496.7,0.0618
45,36,59.17,63.97,3316.41,341,,Summer,Saturday,56.05,133,7454.72,804.72,-0.3216
45,37,59.17,34.77,4858.64,411,Bundle,Winter,Wednesday,62.63,144,9018.66,1818.66,0.7046
45,38,59.17,53.38,2854.73,302,Bundle,Winter,Monday,48.16,130,6260.41,-239.59,0.4207
45,39,59.17,222.3,3602.29,63,Discount,Fall,Friday,68.37,144,9845.57,2645.57,0.2565
45,40,59.17,163.22,435.41,289,,Winter,Saturday,62.52,134,8377.6,1677.6,0.8113
46,1,135.88,75.05,2146.57,487,,Spring,Tuesday,143.68,123,17672.84,11522.84,-1.5
46,2,135.88,204.91,670.16,291,Bundle,Summer,Wednesday,157.74,125,19717.27,13467.27,0.1662
46,3,135.88,216.04,3102.7,391,Discount,Summer,Saturday,136.33,151,20586.27,13036.27,-1.5328
46,4,135.88,212.4,4698.56,198,,Winter,Saturday,131.02,122,15983.91,9883.91,4.9242
46,5,135.88,230.14,3342.71,285,,Fall,Wednesday,155.78,106,16512.57,11212.57,-0.6939
46,6,135.88,66.8,476.33,355,,Winter,Wednesday,149.06,99,14756.46,9806.46,1.53
46,7,135.88,189.99,1837.86,216,,Fall,Thursday,160.28,105,16829.59,11579.59,0.8047
46,8,135.88,117.83,2798.25,69,,Spring,Saturday,159.8,91,14541.85,9991.85,44.4101
46,9,135.88,211.29,2075.72,265,Discount,Summer,Friday,129.48,138,17868.72,10968.72,-2.7224
46,10,135.88,183.48,4184.86,392,,Spring,Tuesday,133.0,127,16890.73,10540.73,-2.9368
46,11,135.88,195.23,4091.89,184,,Summer,Monday,122.62,119,14591.38,8641.38,0.807
46,12,135.88,165.76,3097.97,442,,Spring,Monday,144.61,117,16919.45,11069.45,-0.0937
46,13,135.88,48.47,1929.94,178,,Winter,Friday,128.52,97,12466.14,7616.14,1.536
46,14,135.88,138.53,1351.15,459,,Spring,Wednesday,151.43,117,17717.23,11867.23,1.1565
46,15,135.88,246.24,618.78,471,,Spring,Wednesday,115.31,133,15336.21,8686.21,-0.5733
46,16,135.88,234.66,1839.0,343,,Winter,Wednesday,115.03,128,14723.85,8323.85,15.4932
46,17,135.88,15.58,2124.55,295,Discount,Summer,Saturday,119.82,126,15096.8,8796.8,-0.3756
46,18,135.88,45.38,3411.53,238,,Summer,Wednesday,113.28,112,12687.9,7087.9,2.0384
46,19,135.88,37.27,3324.98,93,,Winter,Wednesday,142.4,99,14097.91,9147.91,-0.4516
46,20,135.88,182.87,443.53,135,,Spring,Saturday,116.71,106,12371.5,7071.5,-0.3919
46,21,135.88,205.36,2036.77,93,Discount,Spring,Saturday,117.4,139,16318.27,9368.27,53.0141
46,22,135.88,57.31,990.72,379,,Spring,Friday,109.48,108,11823.49,6423.49,3.3054
46,23,135.88,128.93,868.38,424,Discount,Fall,Thursday,151.21,141,21320.79,14270.79,0.8015
46,24,135.88,210.97,4153.78,495,,Summer,Saturday,152.85,130,19870.9,13370.9,-7.1854
46,25,135.88,184.54,305.38,427,Discount,Spring,Tuesday,117.51,145,17038.89,9788.89,-0.499
46,26,135.88,137.85,2154.0,439,Discount,Summer,Wednesday,148.9,144,21441.28,14241.28,-0.0258
46,27,135.88,149.64,924.2,194,,Spring,Thursday,132.27,111,14681.67,9131.67,2.0518
46,28,135.88,129.55,4408.72,100,,Winter,Monday,121.73,108,13146.38,7746.38,0.3391
46,29,135.88,77.9,2829.5,291,,Winter,Friday,142.48,111,15814.91,10264.91,0.1629
46,30,135.88,143.43,1233.77,343,Discount,Summer,Thursday,118.4,151,17879.05,10329.05,-2.1329
46,31,135.88,173.78,2561.89,457,,Summer,Saturday,149.84,122,18280.64,12180.64,-0.7233
46,32,135.88,218.96,3684.28,100,,Winter,Wednesday,111.29,116,12909.8,7109.8,0.1912
46,33,135.88,160.89,4794.78,315,Discount,Fall,Wednesday,160.83,132,21230.06,14630.06,0.3098
46,34,135.88,191.47,1180.19,169,Discount,Winter,Wednesday,112.61,145,16328.44,9078.44,-0.3285
46,35,135.88,44.22,4442.29,249,,Spring,Thursday,140.2,100,14019.74,9019.74,-1.2668
46,36,135.88,118.08,4678.09,454,,Fall,Wednesday,157.74,112,17666.79,12066.79,0.9591
46,37,135.88,7.29,4590.46,297,,Winter,Saturday,109.35,120,13122.05,7122.05,-0.2328
46,38,135.88,65.44,3213.53,119,,Fall,Thursday,135.8,100,13579.85,8579.85,-0.6891
46,39,135.88,182.98,3186.12,390,,Fall,Wednesday,127.73,113,14433.14,8783.14,-2.1871
46,40,135.88,247.99,2075.73,106,,Fall,Monday,140.25,111,15567.24,10017.24,-0.1806
47,1,69.23,29.3,3786.75,431,,Summer,Monday,61.62,130,8010.99,1510.99,-1.5
47,2,69.23,103.37,2703.34,88,Discount,Winter,Tuesday,57.18,133,7604.56,954.56,-0.3199
47,3,69.23,201.02,3419.45,338,,Summer,Wednesday,72.71,133,9670.72,3020.72,0.0
47,4,69.23,54.99,2199.44,492,,Summer,Wednesday,66.92,125,8365.33,2115.33,0.7554
47,5,69.23,141.0,3684.33,67,,Spring,Thursday,72.62,98,7116.44,2216.44,-2.5387
47,6,69.23,184.6,4139.91,489,,Spring,Thursday,61.21,136,8324.55,1524.55,-2.4685
47,7,69.23,155.92,817.54,269,,Fall,Sunday,64.76,116,7512.14,1712.14,-2.5357
47,8,69.23,51.07,4181.36,362,,Fall,Wednesday,70.93,110,7802.64,2302.64,-0.5426
47,9,69.23,92.07,2747.45,293,Discount,Spring,Tuesday,71.8,143,10267.89,3117.89,24.4502
47,10,69.23,197.03,4238.86,401,,Spring,Wednesday,65.69,122,8014.12,1914.12,1.7247
47,11,69.23,140.79,2213.38,353,,Winter,Saturday,63.13,129,8144.39,1694.39,-1.4753
47,12,69.23,6.28,1957.3,347,Bundle,Fall,Thursday,62.96,127,7995.78,1645.78,5.5646
47,13,69.23,191.44,4583.8,332,,Fall,Wednesday,60.22,130,7828.28,1328.28,-0.5425
47,14,69.23,13.65,1330.73,123,Discount,Spring,Thursday,64.39,120,7726.87,1726.87,-1.11
47,15,69.23,187.7,4236.64,159,,Winter,Wednesday,60.9,135,8221.85,1471.85,-2.3076
47,16,69.23,54.61,2471.7,229,Discount,Spring,Friday,72.93,145,10574.92,3324.92,0.3751
47,17,69.23,239.73,2619.07,475,,Spring,Thursday,71.14,134,9532.43,2832.43,3.0859
47,18,69.23,95.15,1611.49,81,Discount,Summer,Tuesday,65.97,145,9566.23,2316.23,-1.1309
47,19,69.23,85.1,2907.91,283,Discount,Fall,Friday,64.4,144,9273.94,2073.94,0.2895
47,20,69.23,41.48,1693.53,331,,Winter,Saturday,61.96,117,7249.28,1399.28,4.9435
47,21,69.23,79.87,292.42,74,,Summer,Wednesday,70.21,106,7441.94,2141.94,-0.7063
47,22,69.23,219.78,1432.79,380,Discount,Fall,Sunday,80.82,149,12042.86,4592.86,2.6824
47,23,69.23,249.1,131.26,328,,Spring,Saturday,74.37,143,10634.51,3484.51,0.504
47,24,69.23,95.24,4893.94,275,,Winter,Thursday,75.99,127,9651.11,3301.11,-5.1182
47,25,69.23,114.91,4832.16,106,,Fall,Friday,78.48,106,8319.31,3019.31,-5.0443
47,26,69.23,181.91,2036.26,229,Discount,Spring,Saturday,65.12,147,9572.18,2222.18,-2.271
47,27,69.23,222.12,3669.02,281,,Summer,Tuesday,57.12,139,7939.84,989.84,0.4432
47,28,69.23,150.3,1794.45,431,,Winter,Sunday,72.62,135,9803.53,3053.53,-0.1061
47,29,69.23,100.92,3388.36,392,,Fall,Thursday,60.6,118,7151.32,1251.32,0.7611
47,30,69.23,106.09,4046.61,336,Discount,Summer,Friday,71.14,153,10883.95,3233.95,1.7067
47,31,69.23,175.43,4739.11,113,Bundle,Spring,Saturday,75.86,128,9709.72,3309.72,-2.4625
47,32,69.23,5.79,2061.04,281,Bundle,Spring,Friday,77.08,125,9634.88,3384.88,-1.455
47,33,69.23,156.8,3938.16,338,,Fall,Friday,63.74,124,7903.51,1703.51,0.0462
47,34,69.23,92.1,1403.05,262,Discount,Spring,Saturday,69.57,146,10157.13,2857.13,1.9392
47,35,69.23,199.58,4952.63,307,,Winter,Monday,72.57,129,9362.13,2912.13,-2.6955
47,36,69.23,27.78,226.27,67,,Fall,Wednesday,78.07,96,7494.87,2694.87,-3.3775
47,37,69.23,149.11,3057.29,224,,Summer,Thursday,76.46,114,8716.78,3016.78,-9.1003
47,38,69.23,122.84,3331.58,466,,Fall,Thursday,82.74,126,10424.88,4124.88,1.2828
47,39,69.23,162.37,3471.42,278,Bundle,Fall,Sunday,55.6,133,7395.33,745.33,-0.1694
47,40,69.23,20.89,689.9,275,,Summer,Sunday,67.49,108,7289.37,1889.37,-0.879
48,1,108.81,147.1,4698.8,133,,Spring,Sunday,98.19,116,11390.59,5590.59,-1.5
48,2,108.81,142.56,987.8,340,Discount,Summer,Thursday,92.27,149,13748.04,6298.04,-4.7139
48,3,108.81,142.36,3151.49,484,Discount,Winter,Friday,126.72,140,17741.39,10741.39,-0.1618
48,4,108.81,152.85,1191.11,419,,Spring,Sunday,130.49,114,14875.5,9175.5,-6.2548
48,5,108.81,170.73,1605.36,295,,Fall,Saturday,94.91,116,11009.66,5209.66,-0.0643
48,6,108.81,202.22,2777.65,451,Discount,Spring,Wednesday,88.72,157,13929.54,6079.54,-5.4214
48,7,108.81,71.11,2144.25,159,,Spring,Tuesday,99.02,102,10100.26,5000.26,-3.0179
48,8,108.81,207.14,885.11,303,,Winter,Thursday,123.39,104,12832.34,7632.34,0.0797
48,9,108.81,127.07,937.59,137,,Spring,Saturday,99.84,104,10383.56,5183.56,-0.0
48,10,108.81,23.88,2148.91,121,,Spring,Wednesday,89.53,106,9489.86,4189.86,-0.1861
48,11,108.81,19.34,3810.69,430,Discount,Spring,Wednesday,89.34,148,13221.59,5821.59,-184.8364
48,12,108.81,86.89,4500.03,79,,Fall,Monday,105.65,96,10142.78,5342.78,-1.9234
48,13,108.81,197.3,512.23,221,,Spring,Saturday,127.61,121,15440.59,9390.59,1.2532
48,14,108.81,178.38,2026.21,358,,Summer,Thursday,99.5,120,11939.41,5939.41,0.0375
48,15,108.81,198.21,591.2,443,,Spring,Sunday,105.64,122,12888.38,6788.38,0.2697
48,16,108.81,131.73,181.3,392,,Winter,Friday,91.49,128,11710.34,5310.34,-0.367
48,17,108.81,112.85,3342.42,485,,Spring,Sunday,108.53,127,13783.71,7433.71,-0.0419
48,18,108.81,41.13,3052.0,226,,Spring,Wednesday,117.37,103,12088.87,6938.87,-2.3216
48,19,108.81,85.41,898.79,188,,Fall,Wednesday,98.85,98,9687.52,4787.52,0.3077
48,20,108.81,111.33,1245.68,243,,Summer,Tuesday,99.96,110,10996.12,5496.12,10.8799
48,21,108.81,26.71,216.17,235,,Spring,Sunday,123.7,95,11751.26,7001.26,-0.5744
48,22,108.81,59.05,4191.24,267,,Summer,Monday,87.5,111,9712.66,4162.66,-0.5756
48,23,108.81,151.57,4875.98,213,,Winter,Wednesday,114.75,116,13311.33,7511.33,0.1446
48,24,108.81,185.24,763.75,210,Bundle,Fall,Wednesday,104.19,126,13128.47,6828.47,-0.9369
48,25,108.81,249.6,1234.23,480,,Summer,Friday,100.04,133,13304.97,6654.97,-1.3925
48,26,108.81,233.61,4355.21,62,,Fall,Friday,115.67,106,12261.26,6961.26,-1.2989
48,27,108.81,162.43,4639.67,345,,Spring,Tuesday,123.38,105,12954.84,7704.84,-0.1416
48,28,108.81,108.21,2156.17,138,Bundle,Winter,Saturday,111.35,124,13807.95,7607.95,-1.8566
48,29,108.81,160.86,348.05,373,,Fall,Tuesday,88.4,123,10873.66,4723.66,0.0391
48,30,108.81,197.48,293.02,91,Discount,Spring,Tuesday,107.13,128,13713.01,7313.01,0.1919
48,31,108.81,33.99,2912.35,452,,Summer,Friday,107.19,117,12541.47,6691.47,-155.6774
48,32,108.81,105.43,2025.19,259,Bundle,Winter,Sunday,110.72,130,14393.5,7893.5,3.3767
48,33,108.81,210.75,240.4,278,Discount,Winter,Sunday,116.25,145,16856.82,9606.82,2.3082
48,34,108.81,99.04,2957.94,399,,Summer,Sunday,87.89,130,11425.85,4925.85,0.424
48,35,108.81,145.11,155.38,324,,Summer,Saturday,108.9,116,12632.46,6832.46,-0.4505
48,36,108.81,149.0,3958.12,491,,Winter,Friday,112.66,126,14194.72,7894.72,2.4995
48,37,108.81,50.2,1601.52,328,,Fall,Monday,101.99,106,10811.45,5511.45,1.6772
48,38,108.81,93.75,297.26,300,,Winter,Thursday,116.14,107,12427.09,7077.09,0.068
48,39,108.81,86.96,2982.93,359,,Summer,Thursday,96.98,120,11637.82,5637.82,-0.7365
48,40,108.81,11.42,2048.65,257,,Fall,Monday,100.86,96,9682.95,4882.95,-4.9962
49,1,113.87,10.93,4871.62,370,,Spring,Sunday,134.95,108,14574.97,9174.97,-1.5
49,2,113.87,208.77,2766.57,189,,Winter,Thursday,106.95,114,12192.82,6492.82,-0.2678
49,3,113.87,71.9,1448.67,329,,Summer,Saturday,106.88,118,12612.2,6712.2,-52.494
49,4,113.87,131.93,3576.25,83,,Spring,Friday,118.23,111,13123.89,7573.89,-0.5586
49,5,113.87,78.19,1430.31,358,Bundle,Winter,Thursday,135.33,129,17457.3,11007.3,1.1216
49,6,113.87,235.47,4530.79,441,,Winter,Saturday,135.88,131,17800.18,11250.18,3.8051
49,7,113.87,68.53,1936.14,67,Discount,Fall,Friday,117.5,112,13160.38,7560.38,1.0725
49,8,113.87,110.27,2794.36,106,,Summer,Saturday,91.15,119,10846.79,4896.79,-0.2787
49,9,113.87,218.82,347.81,161,,Spring,Monday,132.12,115,15194.36,9444.36,-0.0748
49,10,113.87,211.27,2187.99,54,,Winter,Tuesday,117.07,110,12878.17,7378.17,0.3817
49,11,113.87,50.59,4178.58,459,,Fall,Monday,107.77,113,12178.13,6528.13,-0.3432
49,12,113.87,201.65,4047.68,463,Discount,Spring,Thursday,128.87,147,18943.86,11593.86,1.5369
49,13,113.87,117.26,1199.16,231,,Spring,Friday,109.31,118,12898.85,6998.85,1.2999
49,14,113.87,123.33,1207.79,62,,Winter,Saturday,92.65,111,10284.23,4734.23,0.3892
49,15,113.87,37.7,4104.8,388,Bundle,Spring,Thursday,128.5,121,15548.47,9498.47,0.2328
49,16,113.87,24.75,4658.95,334,,Winter,Thursday,115.96,117,13567.77,7717.77,0.3389
49,17,113.87,183.35,567.27,308,Bundle,Fall,Tuesday,106.5,137,14590.83,7740.83,-2.0951
49,18,113.87,126.63,2305.29,139,Bundle,Fall,Sunday,102.53,119,12200.84,6250.84,3.5209
49,19,113.87,112.03,1753.53,153,,Spring,Thursday,118.15,102,12051.04,6951.04,-0.9377
49,20,113.87,183.73,4366.37,428,,Winter,Tuesday,100.58,126,12672.65,6372.65,-1.5821
49,21,113.87,192.55,509.27,235,,Summer,Friday,105.85,124,13125.57,6925.57,-0.3027
49,22,113.87,43.93,1134.52,299,,Fall,Friday,120.09,100,12009.39,7009.39,-1.4385
49,23,113.87,154.51,3787.09,304,,Winter,Saturday,131.25,115,15094.24,9344.24,1.6141
49,24,113.87,38.16,351.34,125,Bundle,Winter,Sunday,115.37,114,13152.53,7452.53,0.0719
49,25,113.87,189.09,2513.42,435,Discount,Winter,Tuesday,125.68,148,18600.23,11200.23,3.3394
49,26,113.87,165.95,2266.32,157,,Spring,Monday,125.86,115,14473.6,8723.6,-155.5827
49,27,113.87,239.37,1738.57,205,,Summer,Friday,121.36,126,15291.52,8991.52,-2.6776
49,28,113.87,21.89,2033.4,131,,Spring,Sunday,102.3,99,10127.49,5177.49,1.3642
49,29,113.87,18.98,2696.71,126,,Fall,Saturday,130.58,87,11360.65,7010.65,-0.4384
49,30,113.87,74.14,890.7,307,Discount,Spring,Monday,110.97,130,14426.4,7926.4,-3.2912
49,31,113.87,69.12,2902.78,176,,Winter,Friday,93.11,105,9776.94,4526.94,1.195
49,32,113.87,65.51,4046.62,440,,Spring,Friday,102.24,112,11451.11,5851.11,0.68
49,33,113.87,227.03,3824.79,331,,Winter,Saturday,125.97,127,15998.28,9648.28,0.5771
49,34,113.87,66.14,854.11,137,Discount,Summer,Saturday,94.25,130,12252.37,5752.37,-0.0938
49,35,113.87,71.63,831.32,253,,Spring,Wednesday,97.81,105,10270.3,5020.3,-5.0863
49,36,113.87,191.05,1414.05,65,Discount,Spring,Thursday,122.72,126,15462.97,9162.97,0.7853
49,37,113.87,115.19,1869.27,200,,Spring,Thursday,131.76,110,14493.37,8993.37,-1.7246
49,38,113.87,195.29,2101.43,473,Discount,Winter,Monday,119.97,151,18114.93,10564.93,-4.1649
49,39,113.87,21.01,3430.52,303,,Winter,Thursday,101.23,118,11944.59,6044.59,1.3989
49,40,113.87,124.45,377.73,237,,Spring,Monday,93.53,110,10288.63,4788.63,0.8921
50,1,45.12,13.24,269.9,378,Discount,Spring,Sunday,47.2,136,6419.24,-380.76,-1.5
50,2,45.12,20.35,2020.36,81,,Summer,Friday,36.95,114,4212.68,-1487.32,0.7451
50,3,45.12,227.08,3516.1,320,,Summer,Wednesday,47.16,143,6743.43,-406.57,0.9213
50,4,45.12,39.12,1047.83,446,,Fall,Wednesday,40.17,118,4739.98,-1160.02,1.1798
50,5,45.12,135.44,3243.37,54,Discount,Summer,Friday,52.43,143,7496.91,346.91,0.6944
50,6,45.12,105.72,1373.16,379,Bundle,Summer,Saturday,44.67,148,6611.57,-788.43,-0.2364
50,7,45.12,90.1,4441.82,357,,Summer,Tuesday,40.14,132,5298.44,-1301.56,1.0654
50,8,45.12,225.46,4488.88,382,,Winter,Tuesday,51.5,137,7054.99,204.99,0.1339
50,9,45.12,10.35,1556.71,218,Discount,Summer,Thursday,40.68,146,5939.71,-1360.29,-0.3129
50,10,45.12,167.63,1226.97,230,,Summer,Saturday,41.63,128,5328.85,-1071.15,-5.2868
50,11,45.12,241.03,2115.39,415,Bundle,Spring,Monday,51.16,150,7673.36,173.36,0.7513
50,12,45.12,142.24,1278.6,227,,Winter,Sunday,41.67,116,4833.86,-966.14,1.2226
50,13,45.12,234.52,3394.68,192,Bundle,Fall,Wednesday,43.5,132,5742.12,-857.88,3.1414
50,14,45.12,17.8,4147.72,411,Discount,Fall,Thursday,42.37,146,6186.44,-1113.56,-4.0901
50,15,45.12,107.6,3398.15,297,Discount,Summer,Friday,38.2,154,5882.61,-1817.39,-0.5562
50,16,45.12,68.74,4139.32,176,,Fall,Saturday,36.8,118,4342.39,-1557.61,6.3834
50,17,45.12,184.05,2045.26,312,,Fall,Wednesday,49.18,132,6491.11,-108.89,0.3528
50,18,45.12,245.42,865.95,89,,Fall,Monday,47.74,118,5633.55,-266.45,3.6392
50,19,45.12,67.85,3715.96,461,,Summer,Monday,41.19,139,5726.01,-1223.99,-1.2976
50,20,45.12,165.27,1866.33,465,,Fall,Tuesday,41.43,130,5386.31,-1113.69,-11.1674
50,21,45.12,53.53,3389.23,404,,Summer,Thursday,53.15,128,6803.74,403.74,-0.0544
50,22,45.12,143.51,1426.16,304,Discount,Spring,Friday,53.92,148,7980.8,580.8,10.7853
50,23,45.12,118.66,498.03,192,,Spring,Wednesday,44.64,125,5580.36,-669.64,0.9029
50,24,45.12,243.14,4963.65,289,,Fall,Sunday,50.58,124,6272.08,72.08,-0.0601
50,25,45.12,154.09,865.39,277,,Spring,Monday,49.39,124,6124.89,-75.11,-0.0
50,26,45.12,90.63,4943.26,390,,Summer,Wednesday,41.46,130,5390.34,-1109.66,-0.3014
50,27,45.12,32.95,4888.67,247,,Spring,Friday,37.15,116,4309.97,-1490.03,1.0362
50,28,45.12,42.06,3989.71,114,,Fall,Wednesday,38.67,106,4099.11,-1200.89,-2.1128
50,29,45.12,60.2,3331.17,437,Discount,Summer,Thursday,51.23,156,7991.6,191.6,1.4526
50,30,45.12,66.49,2931.25,60,,Winter,Tuesday,49.3,117,5767.57,-82.43,6.6266
50,31,45.12,213.4,4343.9,157,,Summer,Wednesday,48.09,139,6684.29,-265.71,-7.679
50,32,45.12,142.5,1518.25,75,,Spring,Saturday,38.46,118,4537.8,-1362.2,0.7542
50,33,45.12,133.23,2391.64,494,Discount,Winter,Tuesday,47.65,158,7528.38,-371.62,1.4182
50,34,45.12,33.12,3135.01,470,,Summer,Friday,50.03,130,6504.47,4.47,-3.5383
50,35,45.12,215.73,2114.83,200,Discount,Winter,Tuesday,51.63,155,8002.78,252.78,6.0272
50,36,45.12,182.09,2194.68,270,,Winter,Wednesday,36.34,130,4723.77,-1776.23,0.5445
50,37,45.12,21.58,1718.39,390,Discount,Winter,Wednesday,48.45,147,7122.43,-227.57,0.3922
50,38,45.12,178.42,2864.74,286,,Summer,Saturday,36.44,134,4883.3,-1816.7,0.3568
50,39,45.12,138.17,4267.82,286,,Spring,Monday,48.86,129,6302.45,-147.55,-0.1095
50,40,45.12,25.02,1087.49,268,,Summer,Saturday,47.57,121,5755.99,-294.01,2.356
51,1,137.73,193.6,2762.53,391,None,Winter,Saturday,148.22,126,18675.58,12375.58,-1.5
51,2,137.73,187.96,2357.53,453,None,Summer,Tuesday,127.1,130,16523.33,10023.33,-0.2228
51,3,137.73,97.47,2158.21,372,Bundle,Winter,Tuesday,147.28,138,20324.0,13424.0,0.3877
51,4,137.73,126.07,4150.86,351,None,Spring,Wednesday,134.06,125,16757.72,10507.72,1.05
51,5,137.73,232.59,2042.95,77,None,Spring,Thursday,126.4,113,14283.57,8633.57,1.6805
51,6,137.73,101.89,3413.76,395,None,Winter,Thursday,139.21,124,17261.92,11061.92,0.9609
51,7,137.73,243.62,387.06,440,None,Summer,Monday,147.7,127,18758.03,12408.03,0.3966
51,8,137.73,133.48,710.11,427,None,Winter,Saturday,151.59,123,18645.84,12495.84,-1.1955
51,9,137.73,27.94,1230.71,70,None,Summer,Monday,155.87,91,14184.32,9634.32,-9.2157
51,10,137.73,204.26,3054.79,441,None,Fall,Sunday,125.06,124,15506.95,9306.95,-1.8343
51,11,137.73,56.86,2108.81,193,None,Fall,Monday,142.91,103,14719.59,9569.59,-1.1863
51,12,137.73,140.81,3651.52,158,None,Fall,Thursday,138.66,110,15252.4,9752.4,-2.285
51,13,137.73,76.61,1263.59,142,None,Winter,Monday,130.03,101,13133.5,8083.5,1.3156
51,14,137.73,204.95,4849.06,356,None,Summer,Thursday,114.18,131,14958.01,8408.01,-2.4367
51,15,137.73,207.87,3041.38,295,Bundle,Spring,Thursday,135.98,126,17133.34,10833.34,-0.2
51,16,137.73,59.29,4487.6,355,None,Summer,Sunday,127.23,127,16157.76,9807.76,-0.1233
51,17,137.73,162.98,723.2,249,None,Summer,Monday,154.1,107,16488.64,11138.64,-0.7456
51,18,137.73,28.32,1306.46,236,Discount,Spring,Saturday,112.47,123,13833.57,7683.57,-0.5535
51,19,137.73,105.86,2441.6,73,None,Winter,Monday,137.4,104,14290.1,9090.1,-0.6967
51,20,137.73,28.73,2969.47,297,None,Winter,Saturday,121.28,116,14067.95,8267.95,-0.983
51,21,137.73,40.28,3349.91,95,None,Spring,Wednesday,154.24,85,13110.77,8860.77,-0.983
51,22,137.73,56.99,176.07,319,None,Spring,Wednesday,158.72,98,15554.1,10654.1,5.2764
51,23,137.73,121.78,4135.23,217,Discount,Winter,Monday,129.53,134,17356.37,10656.37,-1.9974
51,24,137.73,24.02,3793.37,419,None,Summer,Saturday,140.38,119,16705.55,10755.55,-1.3354
51,25,137.73,62.59,4916.19,223,Bundle,Fall,Monday,144.79,119,17230.23,11280.23,0.0
51,26,137.73,6.61,1353.06,153,None,Summer,Monday,154.04,90,13863.38,9363.38,-3.8164
51,27,137.73,225.17,3431.33,154,None,Spring,Sunday,124.95,124,15493.44,9293.44,-2.0004
51,28,137.73,140.3,3465.26,50,None,Summer,Wednesday,129.57,107,13863.58,8513.58,-3.7085
51,29,137.73,46.05,2564.87,137,None,Spring,Wednesday,161.88,90,14569.4,10069.4,-0.637
51,30,137.73,232.58,726.9,109,None,Summer,Wednesday,123.7,114,14101.94,8401.94,-1.1306
51,31,137.73,137.81,1372.95,105,Discount,Fall,Wednesday,110.72,126,13950.36,7650.36,-1.0029
51,32,137.73,15.23,4991.38,243,Bundle,Spring,Friday,131.8,114,15024.99,9324.99,-0.5002
51,33,137.73,133.59,4737.63,450,None,Summer,Thursday,138.92,116,16115.17,10315.17,0.3245
51,34,137.73,161.83,3760.81,302,None,Fall,Thursday,123.58,114,14088.5,8388.5,0.1561
51,35,137.73,201.16,3456.58,443,None,Fall,Sunday,134.98,115,15522.96,9772.96,0.0951
51,36,137.73,209.56,4460.67,204,None,Fall,Thursday,144.0,106,15263.73,9963.73,-1.1718
51,37,137.73,66.89,1395.79,273,None,Summer,Monday,130.91,112,14662.27,9062.27,-0.6229
51,38,137.73,242.23,814.82,334,None,Winter,Monday,146.9,121,17775.49,11725.49,0.6578
51,39,137.73,119.23,753.95,344,Discount,Fall,Thursday,114.42,129,14759.7,8309.7,-0.299
51,40,137.73,69.7,2492.71,344,Discount,Summer,Wednesday,118.97,145,17250.92,10000.92,3.1151
52,1,102.73,139.6,4781.79,149,None,Fall,Saturday,95.23,111,10570.22,5020.22,-1.5
52,2,102.73,97.45,2483.41,445,Discount,Fall,Friday,106.12,144,15280.92,8080.92,2.5996
52,3,102.73,54.91,3996.2,476,None,Winter,Tuesday,93.28,126,11752.87,5452.87,1.033
52,4,102.73,229.29,4087.26,149,Discount,Summer,Saturday,96.35,153,14741.95,7091.95,6.4984
52,5,102.73,235.1,1625.1,385,None,Fall,Tuesday,84.05,122,10254.0,4154.0,1.5867
52,6,102.73,210.19,2048.64,299,Discount,Fall,Wednesday,108.57,142,15416.58,8316.58,0.562
52,7,102.73,111.03,682.47,436,Discount,Fall,Wednesday,117.33,152,17833.41,10233.41,0.873
52,8,102.73,180.45,3502.93,424,Bundle,Spring,Friday,91.93,136,12502.25,5702.25,0.4863
52,9,102.73,213.58,4893.72,187,None,Fall,Wednesday,106.93,120,12831.6,6831.6,-0.7209
52,10,102.73,24.37,1531.04,489,None,Summer,Sunday,121.05,126,15252.0,8952.0,0.3787
52,11,102.73,105.44,3757.76,290,Bundle,Spring,Monday,88.79,125,11098.21,4848.21,0.0298
52,12,102.73,162.18,2857.19,445,None,Summer,Tuesday,83.08,126,10467.75,4167.75,-0.1244
52,13,102.73,244.23,845.62,329,None,Fall,Thursday,110.08,124,13650.43,7450.43,-0.0488
52,14,102.73,177.8,4235.13,400,None,Winter,Wednesday,112.13,130,14577.12,8077.12,2.6014
52,15,102.73,160.97,1187.91,87,None,Summer,Monday,91.39,122,11149.86,5049.86,0.3327
52,16,102.73,55.32,1489.68,87,None,Fall,Thursday,111.02,100,11102.11,6102.11,-0.8396
52,17,102.73,76.8,2224.57,184,None,Spring,Friday,121.43,103,12507.37,7357.37,0.32
52,18,102.73,44.2,2723.95,450,None,Winter,Saturday,86.38,121,10452.17,4402.17,-0.6055
52,19,102.73,79.46,4225.69,403,Bundle,Summer,Friday,117.72,133,15657.31,9007.31,0.2733
52,20,102.73,181.03,2300.09,144,None,Fall,Sunday,122.81,110,13508.99,8008.99,-4.0037
52,21,102.73,239.71,2439.85,146,None,Fall,Friday,115.1,108,12430.91,7030.91,0.2897
52,22,102.73,8.87,652.11,86,Discount,Summer,Saturday,118.97,120,14276.05,8276.05,3.308
52,23,102.73,81.59,4561.97,263,None,Winter,Thursday,116.69,116,13535.94,7735.94,1.7409
52,24,102.73,16.98,1628.38,55,None,Fall,Tuesday,119.48,90,10753.62,6253.62,-9.3558
52,25,102.73,219.32,2159.48,413,None,Summer,Monday,111.52,129,14385.63,7935.63,-6.498
52,26,102.73,174.97,3873.22,399,None,Summer,Wednesday,108.1,128,13836.87,7436.87,0.2531
52,27,102.73,207.51,1619.71,149,None,Fall,Saturday,117.74,112,13186.91,7586.91,-1.4018
52,28,102.73,230.0,1103.33,180,Discount,Fall,Friday,106.85,140,14959.42,7959.42,-2.7036
52,29,102.73,42.51,2799.39,499,None,Spring,Friday,82.88,127,10526.15,4176.15,0.4139
52,30,102.73,120.16,2797.15,318,None,Spring,Thursday,113.84,111,12636.39,7086.39,-0.3373
52,31,102.73,138.84,625.59,374,None,Fall,Friday,116.84,119,13904.35,7954.35,2.7332
52,32,102.73,131.48,4336.27,54,Discount,Spring,Saturday,86.04,134,11529.27,4829.27,-0.4781
52,33,102.73,181.5,533.98,382,None,Spring,Thursday,114.5,131,15000.02,8450.02,-0.0677
52,34,102.73,206.52,4669.55,67,None,Fall,Thursday,105.22,112,11784.97,6184.97,1.7894
52,35,102.73,62.64,4722.11,142,None,Winter,Wednesday,97.76,116,11339.66,5539.66,-0.5033
52,36,102.73,30.86,4576.61,277,None,Winter,Thursday,105.0,103,10814.52,5664.52,-1.5132
52,37,102.73,155.4,4298.63,123,None,Spring,Wednesday,83.49,108,9017.23,3617.23,-0.237
52,38,102.73,64.7,3757.59,304,None,Spring,Sunday,87.97,119,10468.87,4518.87,1.8978
52,39,102.73,207.6,4011.65,356,None,Summer,Friday,118.56,130,15412.24,8912.24,0.2659
52,40,102.73,119.05,1654.27,406,Discount,Winter,Thursday,122.25,147,17970.78,10620.78,4.1963
53,1,166.84,174.3,610.94,75,Discount,Spring,Friday,162.78,136,22137.59,15337.59,-1.5
53,2,166.84,91.93,1982.42,103,None,Summer,Tuesday,185.87,98,18215.17,13315.17,-1.9695
53,3,166.84,30.35,758.71,138,None,Fall,Tuesday,134.29,96,12891.42,8091.42,0.0735
53,4,166.84,78.23,4082.97,387,None,Summer,Thursday,142.69,114,16266.6,10566.6,2.9961
53,5,166.84,44.99,335.63,255,None,Winter,Tuesday,136.95,107,14653.2,9303.2,1.5254
53,6,166.84,62.04,4987.35,108,None,Winter,Tuesday,189.42,94,17805.12,13105.12,-0.3171
53,7,166.84,138.38,2261.28,479,Bundle,Spring,Tuesday,169.69,142,24095.81,16995.81,-4.903
53,8,166.84,91.95,4953.11,404,None,Spring,Sunday,167.95,111,18643.0,13093.0,21.3653
53,9,166.84,187.44,3368.5,69,None,Fall,Tuesday,158.07,90,14225.97,9725.97,3.2133
53,10,166.84,163.8,4767.56,85,Discount,Spring,Wednesday,138.8,133,18459.83,11809.83,-3.9189
53,11,166.84,193.66,2876.85,73,None,Winter,Tuesday,191.36,99,18945.09,13995.09,-0.675
53,12,166.84,198.63,3366.17,240,None,Spring,Monday,188.01,103,19364.81,14214.81,-2.3034
53,13,166.84,134.01,4443.92,115,None,Winter,Tuesday,141.9,97,13763.93,8913.93,0.2375
53,14,166.84,67.79,1393.12,493,None,Fall,Saturday,149.92,105,15741.65,10491.65,1.4584
53,15,166.84,248.86,894.45,139,None,Fall,Wednesday,176.68,98,17314.21,12414.21,-0.3736
53,16,166.84,31.12,4664.22,452,Bundle,Spring,Wednesday,197.14,118,23262.19,17362.19,1.7621
53,17,166.84,106.66,2543.96,147,None,Winter,Monday,169.21,97,16413.75,11563.75,1.2564
53,18,166.84,42.88,296.29,129,None,Winter,Thursday,142.0,95,13489.77,8739.77,0.1282
53,19,166.84,129.23,1500.86,398,Bundle,Summer,Tuesday,192.52,126,24256.95,17956.95,0.9172
53,20,166.84,202.68,1519.93,220,None,Fall,Wednesday,171.19,117,20029.59,14179.59,0.6449
53,21,166.84,121.32,714.45,65,None,Winter,Tuesday,189.86,92,17466.91,12866.91,-1.9598
53,22,166.84,111.36,4720.87,393,None,Summer,Friday,199.66,112,22361.79,16761.79,4.2111
53,23,166.84,86.27,1071.14,123,None,Winter,Friday,161.41,101,16302.69,11252.69,0.5127
53,24,166.84,23.8,2706.28,463,None,Spring,Saturday,161.46,110,17760.89,12260.89,288.4796
53,25,166.84,182.44,352.71,130,None,Fall,Monday,143.62,101,14505.37,9455.37,0.7403
53,26,166.84,189.08,3390.58,83,None,Spring,Thursday,146.48,106,15526.42,10226.42,2.4875
53,27,166.84,155.68,4694.92,66,Bundle,Fall,Thursday,198.14,109,21597.07,16147.07,0.0802
53,28,166.84,226.03,2704.74,320,None,Winter,Friday,164.46,110,18090.78,12590.78,-0.054
53,29,166.84,37.62,3239.19,336,Bundle,Spring,Friday,165.81,129,21389.25,14939.25,21.097
53,30,166.84,54.16,4231.59,130,None,Spring,Saturday,168.52,99,16683.43,11733.43,-14.2214
53,31,166.84,212.82,3643.56,312,None,Summer,Saturday,188.22,114,21456.83,15756.83,1.2962
53,32,166.84,166.97,1078.1,309,None,Fall,Tuesday,166.69,106,17669.28,12369.28,0.6136
53,33,166.84,131.53,293.44,396,Discount,Fall,Wednesday,184.02,136,25026.33,18226.33,2.7229
53,34,166.84,194.28,4897.84,86,None,Summer,Monday,142.5,122,17384.91,11284.91,0.4563
53,35,166.84,195.22,2846.69,325,None,Spring,Tuesday,198.37,108,21423.97,16023.97,-0.2927
53,36,166.84,140.94,3907.72,353,None,Winter,Wednesday,133.86,122,16330.53,10230.53,-0.3986
53,37,166.84,173.94,2170.25,374,Discount,Summer,Wednesday,153.32,142,21771.19,14671.19,1.1275
53,38,166.84,66.04,1978.59,461,None,Fall,Friday,180.03,109,19622.8,14172.8,-1.3341
53,39,166.84,177.32,1008.15,380,None,Spring,Sunday,178.65,104,18579.63,13379.63,6.004
53,40,166.84,102.87,4294.46,372,None,Summer,Thursday,193.04,107,20655.26,15305.26,0.3581
54,1,15.97,156.39,4163.5,265,None,Fall,Tuesday,15.79,126,1990.04,-4309.96,-1.5
54,2,15.97,152.19,618.59,307,None,Fall,Friday,16.81,134,2252.31,-4447.69,0.9887
54,3,15.97,154.63,2422.24,436,None,Spring,Monday,14.23,139,1977.41,-4972.59,-0.2429
54,4,15.97,177.26,3159.95,394,None,Fall,Thursday,18.13,131,2375.54,-4174.46,-0.2095
54,5,15.97,23.84,4621.91,146,Discount,Fall,Sunday,14.74,136,2004.98,-4795.02,-0.2041
54,6,15.97,56.91,1702.07,105,None,Summer,Friday,17.13,119,2038.82,-3911.18,-0.7709
54,7,15.97,78.12,2718.72,61,None,Winter,Friday,17.14,116,1988.24,-3811.76,-60.8735
54,8,15.97,241.69,2095.98,356,Discount,Summer,Wednesday,13.51,164,2215.11,-5984.89,-1.9521
54,9,15.97,166.12,1106.07,343,None,Fall,Sunday,13.95,129,1799.7,-4650.3,-6.4857
54,10,15.97,47.65,2295.18,245,Discount,Fall,Saturday,12.86,141,1812.82,-5237.18,-1.1859
54,11,15.97,172.03,423.51,366,None,Spring,Thursday,13.05,141,1840.06,-5209.94,0.0
54,12,15.97,211.06,4426.38,340,None,Summer,Monday,17.43,144,2509.29,-4690.71,0.0635
54,13,15.97,225.51,4123.6,151,None,Summer,Tuesday,16.62,132,2193.85,-4406.15,1.8027
54,14,15.97,55.95,1995.57,397,Discount,Fall,Saturday,16.51,161,2657.36,-5392.64,-31.8135
54,15,15.97,237.15,2182.77,74,None,Summer,Sunday,16.66,136,2266.09,-4533.91,-16.3095
54,16,15.97,61.78,2588.5,236,None,Summer,Monday,16.4,132,2165.13,-4434.87,1.8855
54,17,15.97,42.67,3951.19,255,None,Summer,Wednesday,15.67,125,1958.41,-4291.59,1.183
54,18,15.97,159.54,4931.55,138,Discount,Spring,Tuesday,14.73,152,2238.58,-5361.42,-3.6009
54,19,15.97,13.96,909.68,117,None,Spring,Saturday,17.85,118,2106.75,-3793.25,-1.0537
54,20,15.97,199.99,4389.41,430,None,Fall,Tuesday,16.58,138,2288.52,-4611.48,-2.3821
54,21,15.97,39.99,1271.01,415,None,Summer,Monday,15.84,134,2122.16,-4577.84,0.6439
54,22,15.97,26.19,4427.86,132,Discount,Spring,Saturday,13.45,131,1761.78,-4788.22,0.1485
54,23,15.97,205.65,961.24,347,None,Spring,Wednesday,14.5,144,2087.7,-5112.3,1.2721
54,24,15.97,241.0,2816.61,375,Discount,Spring,Friday,16.43,170,2792.31,-5707.69,1.3581
54,25,15.97,191.45,3600.95,111,None,Fall,Sunday,12.89,117,1507.74,-4342.26,1.4471
54,26,15.97,205.77,3615.99,280,Discount,Fall,Saturday,18.36,158,2900.9,-4999.1,0.8251
54,27,15.97,234.54,2781.3,171,None,Spring,Tuesday,13.09,133,1740.7,-4909.3,0.551
54,28,15.97,106.39,4976.13,116,Bundle,Fall,Sunday,18.38,129,2370.77,-4079.23,-0.0744
54,29,15.97,83.13,3212.61,81,None,Summer,Tuesday,14.61,117,1709.92,-4140.08,0.4543
54,30,15.97,178.28,4084.91,456,None,Summer,Wednesday,18.65,150,2797.12,-4702.88,1.0222
54,31,15.97,158.83,1187.93,58,None,Summer,Sunday,17.34,125,2166.9,-4083.1,2.3684
54,32,15.97,172.83,585.04,379,None,Fall,Wednesday,12.9,134,1729.22,-4970.78,-0.2817
54,33,15.97,179.72,3507.07,67,None,Winter,Monday,18.23,124,2260.43,-3939.57,-0.1809
54,34,15.97,180.18,2796.07,74,None,Winter,Monday,14.09,125,1761.69,-4488.31,-0.0355
54,35,15.97,59.39,1042.16,371,None,Summer,Sunday,16.79,128,2149.07,-4250.93,0.1255
54,36,15.97,25.38,923.29,469,None,Spring,Sunday,12.86,137,1762.4,-5087.6,-0.3007
54,37,15.97,127.6,4670.35,393,Discount,Spring,Monday,19.05,158,3009.71,-4890.29,0.3188
54,38,15.97,235.33,238.92,453,None,Winter,Friday,14.35,153,2194.96,-5455.04,0.1282
54,39,15.97,184.95,1884.68,106,None,Fall,Thursday,12.86,115,1478.78,-4271.22,2.3959
54,40,15.97,45.3,133.29,405,None,Fall,Tuesday,13.5,129,1741.37,-4708.63,2.4457
55,1,163.53,21.29,1499.41,174,None,Spring,Thursday,152.01,88,13377.31,8977.31,-1.5
55,2,163.53,147.85,4184.99,352,None,Fall,Wednesday,144.1,110,15850.58,10350.58,-4.7992
55,3,163.53,147.91,1418.05,173,Discount,Spring,Sunday,168.13,125,21016.27,14766.27,0.8176
55,4,163.53,170.22,1555.72,497,Bundle,Fall,Thursday,189.59,127,24078.38,17728.38,0.1253
55,5,163.53,64.37,1943.96,227,Discount,Winter,Saturday,182.84,125,22855.26,16605.26,0.4422
55,6,163.53,115.04,3589.39,493,None,Spring,Saturday,134.65,122,16427.56,10327.56,0.0911
55,7,163.53,176.26,1170.54,345,Discount,Fall,Wednesday,170.36,129,21976.82,15526.82,0.2163
55,8,163.53,43.86,2340.01,204,Discount,Winter,Friday,194.44,118,22943.64,17043.64,-0.6034
55,9,163.53,50.89,238.48,405,None,Spring,Tuesday,155.43,117,18185.65,12335.65,0.0422
55,10,163.53,112.51,2119.33,220,None,Fall,Thursday,190.82,88,16792.21,12392.21,-1.0887
55,11,163.53,66.37,387.96,458,None,Winter,Tuesday,148.4,109,16175.43,10725.43,-1.0734
55,12,163.53,230.28,1687.07,115,None,Spring,Sunday,159.4,104,16577.64,11377.64,-0.6187
55,13,163.53,51.53,596.45,90,None,Summer,Saturday,130.96,93,12179.5,7529.5,0.5929
55,14,163.53,102.93,4872.91,195,None,Summer,Thursday,133.38,101,13471.58,8421.58,4.6561
55,15,163.53,205.28,174.0,486,None,Winter,Friday,189.71,107,20299.45,14949.45,0.1407
55,16,163.53,14.41,3057.5,138,None,Spring,Tuesday,160.38,88,14113.51,9713.51,1.1484
55,17,163.53,168.69,485.63,256,None,Fall,Wednesday,189.84,101,19173.42,14123.42,0.8044
55,18,163.53,8.44,1946.57,329,None,Spring,Wednesday,138.42,105,14533.84,9283.84,-0.1462
55,19,163.53,232.4,3983.0,240,None,Fall,Tuesday,134.6,124,16689.91,10489.91,-6.5543
55,20,163.53,32.98,1422.55,178,None,Spring,Wednesday,191.38,85,16267.18,12017.18,-0.7455
55,21,163.53,42.21,4250.8,86,None,Winter,Monday,194.97,94,18327.04,13627.04,5.6446
55,22,163.53,154.11,2372.89,471,None,Summer,Thursday,168.95,119,20104.52,14154.52,-1.9926
55,23,163.53,212.58,818.74,123,None,Summer,Sunday,166.9,109,18192.44,12742.44,6.9512
55,24,163.53,111.91,1249.6,178,None,Winter,Monday,182.11,101,18393.41,13343.41,-0.8054
55,25,163.53,119.02,2307.81,203,Discount,Fall,Tuesday,145.43,121,17596.56,11546.56,-0.983
55,26,163.53,209.9,4371.02,129,None,Spring,Monday,192.03,101,19395.16,14345.16,-0.5158
55,27,163.53,129.86,762.65,87,Discount,Fall,Friday,133.35,115,15335.43,9585.43,-0.4536
55,28,163.53,117.86,1057.71,180,Bundle,Summer,Monday,153.67,129,19823.01,13373.01,0.7991
55,29,163.53,76.94,2610.87,346,None,Spring,Sunday,180.58,103,18600.14,13450.14,-1.1506
55,30,163.53,93.79,4048.31,472,None,Summer,Wednesday,192.06,103,19782.2,14632.2,0.0
55,31,163.53,85.33,3950.34,216,Discount,Fall,Thursday,181.8,123,22361.39,16211.39,-3.6347
55,32,163.53,144.37,3380.79,117,None,Winter,Sunday,137.22,108,14820.13,9420.13,0.4974
55,33,163.53,196.58,913.7,299,None,Fall,Sunday,143.34,110,15767.43,10267.43,0.4154
55,34,163.53,181.88,3232.07,221,None,Summer,Thursday,169.97,112,19036.43,13436.43,0.0979
55,35,163.53,171.27,4027.8,125,None,Fall,Saturday,170.04,100,17004.25,12004.25,-245.0675
55,36,163.53,232.49,2985.99,192,None,Fall,Saturday,169.49,109,18474.21,13024.21,-27.6084
55,37,163.53,217.44,3069.26,431,Bundle,Winter,Wednesday,169.54,137,23227.46,16377.46,787.1626
55,38,163.53,231.57,4471.67,233,Bundle,Fall,Monday,186.11,119,22146.63,16196.63,-1.3449
55,39,163.53,15.3,312.47,166,Discount,Winter,Friday,178.25,112,19963.78,14363.78,1.3931
55,40,163.53,101.49,618.29,302,None,Spring,Wednesday,141.68,99,14026.44,9076.44,0.5658
56,1,117.47,147.95,4180.3,277,Discount,Fall,Saturday,119.51,136,16253.31,9453.31,-1.5
56,2,117.47,118.16,1662.77,358,None,Winter,Tuesday,120.35,120,14442.23,8442.23,-16.692
56,3,117.47,171.44,2951.92,150,None,Summer,Sunday,124.44,107,13314.65,7964.65,-3.1925
56,4,117.47,246.92,1876.01,377,None,Winter,Sunday,126.2,127,16027.9,9677.9,13.1556
56,5,117.47,42.62,1799.09,308,Discount,Summer,Saturday,131.67,133,17511.67,10861.67,1.0915
56,6,117.47,86.63,3671.04,473,Bundle,Fall,Tuesday,117.81,129,15197.51,8747.51,0.2858
56,7,117.47,238.52,1439.22,166,None,Summer,Friday,117.09,118,13816.47,7916.47,13.9254
56,8,117.47,109.58,2618.22,405,None,Summer,Monday,109.69,120,13163.36,7163.36,-0.2684
56,9,117.47,107.18,4041.77,86,Discount,Winter,Monday,130.44,127,16565.37,10215.37,0.3085
56,10,117.47,218.45,4909.34,104,None,Fall,Friday,110.42,113,12477.14,6827.14,0.7183
56,11,117.47,15.22,313.86,214,None,Fall,Sunday,134.88,88,11869.47,7469.47,-0.9986
56,12,117.47,34.28,2367.71,308,None,Winter,Sunday,125.57,116,14565.79,8765.79,-4.6081
56,13,117.47,36.04,2864.94,388,Discount,Fall,Saturday,137.37,134,18407.05,11707.05,1.6514
56,14,117.47,247.43,1015.61,286,Discount,Spring,Friday,106.45,152,16180.75,8580.75,-0.5969
56,15,117.47,26.9,3045.91,264,None,Spring,Friday,110.5,108,11934.08,6534.08,-7.6115
56,16,117.47,103.61,3402.31,89,None,Spring,Monday,112.16,104,11664.8,6464.8,-2.4643
56,17,117.47,223.33,4346.99,292,Discount,Winter,Sunday,116.99,149,17431.76,9981.76,10.0476
56,18,117.47,99.14,4443.01,273,None,Fall,Monday,131.81,109,14367.76,8917.76,-2.1189
56,19,117.47,10.83,3872.5,229,None,Summer,Thursday,140.95,99,13953.83,9003.83,-1.324
56,20,117.47,107.75,2189.5,178,None,Summer,Saturday,135.05,112,15126.15,9526.15,-3.1408
56,21,117.47,25.53,3174.89,351,None,Summer,Sunday,131.41,116,15243.78,9443.78,-1.324
56,22,117.47,149.81,2835.07,391,Discount,Winter,Wednesday,126.81,147,18641.13,11291.13,-7.632
56,23,117.47,119.56,273.7,95,None,Summer,Thursday,96.5,115,11097.47,5347.47,0.9107
56,24,117.47,92.31,633.61,120,None,Fall,Thursday,128.95,100,12895.13,7895.13,-0.3879
56,25,117.47,213.06,4383.14,165,Bundle,Winter,Tuesday,97.62,137,13374.56,6524.56,-1.523
56,26,117.47,228.04,2049.8,126,Discount,Winter,Tuesday,99.39,139,13815.24,6865.24,0.8072
56,27,117.47,126.36,2270.6,238,Discount,Fall,Tuesday,122.43,127,15549.23,9199.23,-0.3723
56,28,117.47,114.65,2835.18,160,None,Spring,Monday,109.13,119,12986.4,7036.4,0.5796
56,29,117.47,229.79,1259.97,194,None,Spring,Tuesday,138.07,118,16292.52,10392.52,-0.0317
56,30,117.47,220.24,3473.86,88,None,Fall,Friday,104.47,111,11596.68,6046.68,0.2438
56,31,117.47,212.44,2856.74,422,Discount,Summer,Thursday,94.37,160,15099.52,7099.52,-4.5651
56,32,117.47,162.9,346.35,277,None,Summer,Sunday,111.0,126,13985.61,7685.61,-1.2063
56,33,117.47,135.3,3643.77,216,None,Fall,Thursday,110.56,115,12714.55,6964.55,22.2451
56,34,117.47,241.39,2768.74,464,None,Winter,Friday,137.2,135,18521.92,11771.92,0.7218
56,35,117.47,76.6,2713.69,148,None,Summer,Thursday,132.78,105,13941.94,8691.94,6.8995
56,36,117.47,79.98,4967.78,135,None,Spring,Monday,127.24,103,13105.68,7955.68,0.4565
56,37,117.47,29.85,1110.54,422,None,Spring,Wednesday,116.01,109,12645.3,7195.3,-0.6602
56,38,117.47,103.79,1682.17,298,None,Summer,Monday,123.22,116,14293.86,8493.86,1.0332
56,39,117.47,132.0,3432.54,116,None,Fall,Friday,115.29,114,13142.9,7442.9,0.2678
56,40,117.47,30.46,1382.92,258,None,Winter,Wednesday,106.14,107,11357.04,6007.04,0.7738
57,1,66.55,86.96,4828.24,51,Bundle,Spring,Sunday,74.43,117,8708.5,2858.5,-1.5
57,2,66.55,108.5,4103.7,369,None,Spring,Saturday,68.06,133,9052.46,2402.46,-1.5984
57,3,66.55,247.4,1549.99,262,None,Winter,Friday,68.85,128,8812.55,2412.55,-3.2618
57,4,66.55,244.39,4788.65,330,None,Summer,Sunday,70.74,135,9549.98,2799.98,1.9895
57,5,66.55,33.34,3476.52,458,None,Spring,Friday,72.82,121,8811.15,2761.15,-3.529
57,6,66.55,105.85,2065.99,88,None,Summer,Saturday,75.15,115,8642.79,2892.79,-1.5462
57,7,66.55,197.49,4818.48,326,None,Fall,Wednesday,75.71,123,9312.24,3162.24,9.4273
57,8,66.55,155.49,1397.51,328,None,Spring,Wednesday,66.71,119,7938.37,1988.37,0.2736
57,9,66.55,177.85,3843.79,179,None,Summer,Sunday,77.64,126,9782.81,3482.81,0.3589
57,10,66.55,215.17,3198.47,62,None,Spring,Sunday,65.25,121,7895.55,1845.55,0.2487
57,11,66.55,92.25,3908.23,416,None,Fall,Thursday,62.98,125,7872.0,1622.0,-0.9476
57,12,66.55,176.58,2406.93,339,None,Winter,Wednesday,74.77,142,10617.95,3517.95,0.7259
57,13,66.55,161.74,2638.81,159,Bundle,Fall,Saturday,76.22,129,9832.68,3382.68,-4.7276
57,14,66.55,21.11,168.38,264,None,Summer,Wednesday,77.16,117,9027.36,3177.36,-7.5861
57,15,66.55,167.86,3859.71,103,None,Spring,Thursday,64.09,109,6985.34,1535.34,0.4036
57,16,66.55,17.49,474.31,374,None,Summer,Saturday,56.05,126,7062.02,762.02,-1.2435
57,17,66.55,61.29,1921.73,214,None,Fall,Saturday,71.26,114,8123.89,2423.89,-0.3508
57,18,66.55,32.03,1886.97,196,Discount,Winter,Tuesday,71.49,152,10866.36,3266.36,104.6525
57,19,66.55,61.79,4586.79,377,None,Fall,Tuesday,58.87,121,7122.82,1072.82,1.155
57,20,66.55,237.94,1076.26,87,None,Summer,Thursday,76.1,121,9208.1,3158.1,0.0
57,21,66.55,215.87,4601.64,71,Discount,Summer,Tuesday,61.53,140,8614.69,1614.69,-0.8203
57,22,66.55,76.74,658.48,312,None,Summer,Saturday,68.15,119,8110.15,2160.15,-1.3945
57,23,66.55,238.6,3764.06,426,None,Winter,Monday,75.08,139,10436.25,3486.25,1.6532
57,24,66.55,34.73,815.23,413,None,Winter,Saturday,70.02,111,7772.36,2222.36,2.9891
57,25,66.55,49.23,4374.89,412,None,Fall,Wednesday,72.02,111,7994.47,2444.47,0.0
57,26,66.55,116.38,3452.09,461,Discount,Fall,Saturday,73.86,144,10636.54,3436.54,11.6204
57,27,66.55,18.42,4797.33,461,Bundle,Spring,Monday,77.0,135,10394.45,3644.45,-1.4744
57,28,66.55,105.67,411.63,460,None,Winter,Wednesday,64.01,138,8833.53,1933.53,-0.1318
57,29,66.55,144.63,1318.79,408,None,Winter,Monday,67.41,124,8358.26,2158.26,-1.9132
57,30,66.55,195.78,2757.07,457,Bundle,Spring,Monday,63.03,141,8886.83,1836.83,-2.1107
57,31,66.55,192.42,1160.18,50,None,Summer,Tuesday,71.93,116,8343.53,2543.53,-1.2556
57,32,66.55,249.85,875.83,81,None,Fall,Thursday,69.26,116,8034.67,2234.67,-0.0
57,33,66.55,134.6,4247.78,237,None,Winter,Thursday,56.94,122,6946.61,846.61,-0.2907
57,34,66.55,208.75,3529.37,425,Discount,Fall,Tuesday,66.33,160,10613.38,2613.38,1.8879
57,35,66.55,182.2,1438.94,365,None,Fall,Wednesday,78.81,133,10481.24,3831.24,-0.8975
57,36,66.55,193.36,2003.82,146,None,Summer,Tuesday,57.9,117,6774.45,924.45,0.4535
57,37,66.55,76.87,3921.64,337,Discount,Spring,Sunday,76.04,137,10417.34,3567.34,0.5457
57,38,66.55,143.74,3009.38,334,None,Fall,Tuesday,72.25,128,9248.03,2848.03,1.3184
57,39,66.55,203.03,2205.6,258,Bundle,Spring,Wednesday,54.5,142,7738.72,638.72,-0.4451
57,40,66.55,138.58,3978.71,105,None,Winter,Sunday,64.63,116,7497.48,1697.48,-0.9845
58,1,18.87,214.49,435.73,422,None,Summer,Tuesday,16.07,140,2249.27,-4750.73,-1.5
58,2,18.87,128.5,1893.65,306,None,Winter,Tuesday,22.27,127,2828.14,-3521.86,-0.2405
58,3,18.87,66.7,2350.63,273,Discount,Fall,Saturday,18.01,138,2485.24,-4414.76,-0.4528
58,4,18.87,32.32,4186.16,310,Discount,Summer,Friday,15.86,151,2394.27,-5155.73,-0.788
58,5,18.87,68.14,2663.37,73,None,Fall,Tuesday,21.9,112,2452.35,-3147.65,-0.678
58,6,18.87,156.41,4708.75,350,Discount,Fall,Saturday,22.28,149,3319.52,-4130.48,18.9047
58,7,18.87,117.8,478.01,110,Discount,Winter,Friday,15.27,145,2214.15,-5035.85,0.0853
58,8,18.87,186.44,4996.69,128,None,Summer,Thursday,21.84,131,2861.07,-3688.93,-0.2244
58,9,18.87,97.34,4949.84,151,None,Winter,Thursday,18.78,127,2385.58,-3964.42,0.2182
58,10,18.87,193.74,4063.48,151,None,Fall,Sunday,15.92,130,2070.1,-4429.9,-0.1551
58,11,18.87,83.64,4389.24,112,None,Spring,Friday,21.29,113,2405.8,-3244.2,-0.388
58,12,18.87,244.22,4342.95,234,None,Fall,Thursday,18.05,135,2437.04,-4312.96,-1.2801
58,13,18.87,78.2,840.52,314,None,Spring,Thursday,19.01,128,2433.34,-3966.66,-0.9767
58,14,18.87,216.63,4653.22,378,Discount,Winter,Friday,19.86,167,3316.88,-5033.12,6.8059
58,15,18.87,110.3,3410.58,274,Discount,Winter,Thursday,20.0,152,3040.36,-4559.64,-12.6669
58,16,18.87,65.01,3025.76,377,None,Summer,Tuesday,18.57,135,2506.67,-4243.33,1.5596
58,17,18.87,239.68,4945.38,219,None,Spring,Saturday,18.38,136,2499.6,-4300.4,-0.7294
58,18,18.87,100.96,1345.63,187,None,Fall,Sunday,15.52,118,1831.16,-4068.84,0.8502
58,19,18.87,181.35,4965.75,389,None,Spring,Tuesday,16.8,136,2284.96,-4515.04,1.8452
58,20,18.87,45.66,4980.17,481,None,Summer,Tuesday,17.38,148,2572.98,-4827.02,2.5392
58,21,18.87,241.22,4601.17,181,None,Spring,Saturday,21.98,131,2879.91,-3670.09,-0.4342
58,22,18.87,38.97,1316.4,389,Discount,Fall,Thursday,15.25,150,2287.31,-5212.69,-0.4734
58,23,18.87,219.48,143.09,369,None,Fall,Monday,18.36,122,2239.41,-3860.59,-0.9161
58,24,18.87,8.62,2189.11,292,None,Winter,Thursday,18.89,112,2116.11,-3483.89,-2.7965
58,25,18.87,82.63,4578.84,367,None,Winter,Wednesday,19.09,125,2386.53,-3863.47,11.0526
58,26,18.87,121.62,3973.55,400,None,Fall,Tuesday,22.23,137,3044.91,-3805.09,0.585
58,27,18.87,180.59,1258.12,298,None,Fall,Thursday,17.41,133,2315.31,-4334.69,0.1347
58,28,18.87,175.99,1835.52,440,None,Fall,Wednesday,20.66,128,2644.37,-3755.63,-0.2013
58,29,18.87,72.88,2550.83,468,None,Winter,Saturday,20.79,143,2973.08,-4176.92,18.3882
58,30,18.87,23.33,2034.0,465,None,Summer,Monday,17.31,128,2215.52,-4184.48,0.6263
58,31,18.87,28.81,4599.03,436,None,Fall,Tuesday,22.49,118,2654.0,-3246.0,-0.2609
58,32,18.87,5.0,2175.84,417,None,Fall,Tuesday,21.93,123,2696.99,-3453.01,-1.6875
58,33,18.87,192.31,1463.74,453,None,Fall,Monday,15.85,139,2202.93,-4747.07,-0.4693
58,34,18.87,38.24,2363.86,284,None,Spring,Saturday,17.51,119,2084.2,-3865.8,-1.3688
58,35,18.87,204.56,3077.28,346,Bundle,Summer,Friday,17.13,159,2723.12,-5226.88,-15.1809
58,36,18.87,72.86,2699.87,129,None,Fall,Thursday,15.85,116,1838.8,-3961.2,3.6332
58,37,18.87,48.02,4321.58,84,None,Fall,Thursday,19.08,121,2308.66,-3741.34,0.2117
58,38,18.87,118.65,1619.06,148,None,Winter,Thursday,18.4,132,2428.76,-4171.24,-2.5501
58,39,18.87,185.76,4846.06,472,None,Fall,Thursday,16.35,143,2338.48,-4811.52,-0.7492
58,40,18.87,212.47,3861.93,229,None,Summer,Saturday,20.64,146,3013.67,-4286.33,0.08
59,1,198.22,132.67,1610.28,339,None,Winter,Sunday,224.92,97,21817.22,16967.22,-1.5
59,2,198.22,76.04,3513.91,421,None,Summer,Sunday,206.39,111,22909.28,17359.28,-1.7519
59,3,198.22,108.94,4987.85,112,Discount,Winter,Saturday,186.75,130,24277.61,17777.61,-1.7989
59,4,198.22,238.94,4669.31,310,None,Spring,Sunday,220.59,111,24485.12,18935.12,-0.8067
59,5,198.22,201.37,3434.27,284,None,Fall,Thursday,165.04,107,17659.66,12309.66,0.1431
59,6,198.22,98.66,960.86,339,Discount,Fall,Thursday,169.46,131,22199.77,15649.77,8.3747
59,7,198.22,175.53,1367.66,176,Discount,Spring,Monday,167.3,127,21247.0,14897.0,2.3904
59,8,198.22,109.28,1957.27,269,Discount,Spring,Wednesday,172.16,124,21347.9,15147.9,-0.8129
59,9,198.22,195.89,3213.58,320,None,Fall,Monday,171.73,109,18718.63,13268.63,48.4325
59,10,198.22,74.99,2633.33,430,Discount,Fall,Friday,177.39,133,23592.98,16942.98,6.6802
59,11,198.22,106.66,2026.17,352,Discount,Fall,Sunday,210.31,127,26709.91,20359.91,-0.2431
59,12,198.22,156.82,1615.61,226,Discount,Winter,Thursday,210.28,119,25023.09,19073.09,366.3363
59,13,198.22,42.8,833.22,325,None,Winter,Monday,163.81,104,17035.81,11835.81,0.5704
59,14,198.22,183.62,3755.84,181,None,Summer,Monday,182.64,115,21003.66,15253.66,0.9199
59,15,198.22,168.3,1384.05,346,None,Fall,Sunday,225.67,93,20987.55,16337.55,-0.812
59,16,198.22,246.64,595.18,54,Bundle,Winter,Saturday,219.33,113,24784.36,19134.36,-7.6525
59,17,198.22,181.9,1336.32,372,None,Fall,Monday,220.43,99,21822.37,16872.37,-24.7634
59,18,198.22,157.87,617.95,71,Bundle,Winter,Friday,191.89,112,21491.18,15891.18,-1.0141
59,19,198.22,148.94,4019.72,353,None,Fall,Tuesday,182.99,103,18848.45,13698.45,1.7343
59,20,198.22,164.56,1336.72,434,Bundle,Summer,Tuesday,194.74,130,25316.74,18816.74,4.0827
59,21,198.22,239.83,806.01,415,None,Summer,Sunday,229.78,120,27573.39,21573.39,-0.4276
59,22,198.22,31.95,1459.75,374,Bundle,Spring,Wednesday,230.23,113,26016.15,20366.15,-29.5753
59,23,198.22,222.57,4641.7,209,None,Summer,Thursday,163.45,124,20268.17,14068.17,-0.3356
59,24,198.22,83.85,3101.06,73,None,Summer,Tuesday,204.56,87,17796.89,13446.89,-1.1864
59,25,198.22,6.12,4114.79,256,None,Spring,Monday,161.4,103,16624.18,11474.18,-0.8716
59,26,198.22,62.54,4571.15,356,None,Winter,Saturday,179.9,99,17810.49,12860.49,-0.3387
59,27,198.22,133.78,4426.95,497,Bundle,Fall,Friday,231.65,124,28724.05,22524.05,0.878
59,28,198.22,140.62,3802.21,414,None,Summer,Wednesday,222.71,108,24052.14,18652.14,3.3432
59,29,198.22,139.09,2058.54,383,None,Winter,Thursday,158.91,120,19069.08,13069.08,-0.3879
59,30,198.22,149.71,2845.72,365,None,Fall,Sunday,185.84,110,20442.47,14942.47,-0.4917
59,31,198.22,12.88,1737.86,489,Discount,Winter,Saturday,225.83,122,27550.66,21450.66,0.507
59,32,198.22,249.81,1524.73,59,Discount,Fall,Friday,185.56,139,25793.17,18843.17,-0.7816
59,33,198.22,109.46,2668.23,398,None,Spring,Sunday,233.18,103,24017.75,18867.75,-1.0092
59,34,198.22,44.09,951.82,494,Bundle,Fall,Sunday,190.02,120,22803.0,16803.0,-0.8918
59,35,198.22,59.61,4308.74,444,None,Summer,Monday,225.6,103,23237.11,18087.11,-0.7567
59,36,198.22,181.81,2594.56,251,None,Winter,Monday,170.34,123,20951.52,14801.52,-0.7927
59,37,198.22,86.64,4489.4,288,Discount,Winter,Thursday,226.18,117,26463.33,20613.33,-0.1488
59,38,198.22,142.87,651.37,378,None,Winter,Tuesday,216.05,113,24413.58,18763.58,0.7631
59,39,198.22,238.47,887.82,254,None,Summer,Thursday,168.77,108,18227.02,12827.02,0.2022
59,40,198.22,119.01,2306.98,306,None,Summer,Saturday,179.56,116,20828.85,15028.85,1.1586
60,1,11.3,142.28,3173.43,210,Discount,Spring,Tuesday,13.08,150,1962.0,-5538.0,-1.5
60,2,11.3,81.01,3294.87,263,None,Fall,Friday,11.18,119,1330.34,-4619.66,1.4223
60,3,11.3,183.38,4544.64,270,None,Fall,Sunday,13.39,132,1766.86,-4833.14,0.5536
60,4,11.3,181.56,4140.9,475,Discount,Spring,Sunday,11.84,172,2036.35,-6563.65,-2.6236
60,5,11.3,101.46,3538.12,445,None,Winter,Thursday,10.99,133,1462.23,-5187.77,3.1768
60,6,11.3,97.36,2706.55,93,Discount,Winter,Sunday,10.24,154,1576.76,-6123.24,-2.2978
60,7,11.3,170.34,2499.52,183,Bundle,Winter,Wednesday,10.35,133,1376.33,-5273.67,-12.7344
60,8,11.3,170.28,2810.88,202,None,Fall,Wednesday,11.94,125,1492.83,-4757.17,-0.3904
60,9,11.3,212.66,4079.81,310,Discount,Fall,Wednesday,10.51,157,1649.75,-6200.25,-2.1311
60,10,11.3,242.6,1523.79,468,None,Winter,Wednesday,12.59,152,1914.04,-5685.96,-0.1605
60,11,11.3,77.81,4431.43,214,None,Summer,Friday,13.54,119,1611.72,-4338.28,-2.8733
60,12,11.3,88.36,1932.51,187,None,Fall,Saturday,10.75,117,1258.25,-4591.75,0.0816
60,13,11.3,93.8,1563.84,152,Bundle,Winter,Friday,9.54,137,1307.3,-5542.7,-1.5169
60,14,11.3,145.58,4202.68,356,None,Spring,Wednesday,9.19,138,1268.86,-5631.14,-0.2004
60,15,11.3,75.5,3451.75,197,None,Fall,Thursday,10.17,117,1189.45,-4660.55,-1.4402
60,16,11.3,150.9,3741.01,153,None,Spring,Friday,10.69,126,1346.78,-4953.22,1.4966
60,17,11.3,135.18,4206.16,344,None,Spring,Sunday,10.69,137,1464.03,-5385.97,-384.7486
60,18,11.3,52.36,2216.21,330,None,Spring,Friday,10.39,125,1298.77,-4951.23,3.1605
60,19,11.3,195.31,2593.61,177,None,Fall,Tuesday,10.67,127,1354.87,-4995.13,0.5978
60,20,11.3,192.81,2716.75,297,None,Fall,Friday,11.22,129,1447.61,-5002.39,0.3035
60,21,11.3,27.67,2279.2,333,Discount,Fall,Tuesday,11.43,143,1634.72,-5515.28,5.8024
60,22,11.3,149.59,1045.97,201,None,Summer,Tuesday,9.59,132,1266.07,-5333.93,0.4779
60,23,11.3,161.28,748.77,360,None,Winter,Saturday,12.21,135,1648.82,-5101.18,0.0831
60,24,11.3,29.55,1559.69,72,None,Winter,Saturday,12.48,127,1585.08,-4764.92,-2.7064
60,25,11.3,58.5,4953.77,493,None,Spring,Tuesday,11.82,140,1655.3,-5344.7,-1.9435
60,26,11.3,184.09,409.06,214,Discount,Winter,Monday,9.52,143,1361.25,-5788.75,-0.11
60,27,11.3,61.5,3339.44,158,None,Summer,Wednesday,12.49,128,1599.04,-4800.96,-0.3358
60,28,11.3,51.78,2799.96,312,None,Spring,Saturday,9.38,123,1154.05,-4995.95,0.1569
60,29,11.3,29.32,703.06,325,None,Winter,Tuesday,12.58,130,1635.63,-4864.37,0.1669
60,30,11.3,134.27,3056.82,407,None,Summer,Monday,12.72,135,1716.84,-5033.16,3.5683
60,31,11.3,248.52,1105.09,146,None,Summer,Monday,9.78,131,1281.8,-5268.2,0.1285
60,32,11.3,123.11,3256.77,318,None,Winter,Thursday,12.7,136,1727.31,-5072.69,0.1281
60,33,11.3,199.79,3733.03,255,Bundle,Spring,Tuesday,13.21,153,2021.8,-5628.2,3.0915
60,34,11.3,208.62,4704.24,479,None,Winter,Tuesday,10.72,147,1575.16,-5774.84,0.2074
60,35,11.3,131.85,3086.01,204,None,Summer,Monday,10.9,138,1504.46,-5395.54,-3.518
60,36,11.3,44.68,4414.78,300,None,Fall,Wednesday,12.92,132,1704.82,-4895.18,-0.2354
60,37,11.3,40.89,819.04,110,None,Summer,Saturday,10.46,110,1150.8,-4349.2,0.8774
60,38,11.3,184.41,4345.55,373,Discount,Summer,Thursday,13.4,168,2251.24,-6148.76,1.8773
60,39,11.3,197.12,891.04,310,None,Spring,Tuesday,12.42,132,1639.69,-4960.31,2.9351
60,40,11.3,108.14,1440.21,199,None,Winter,Friday,11.61,122,1416.65,-4683.35,1.1618
